us_states,Postalcode,count,hover
Alabama,AL,0,Alabama <br> Number of Mentions: 0
Alaska,AK,0,Alaska <br> Number of Mentions: 0
Arizona,AZ,0,Arizona <br> Number of Mentions: 0
Arkansas,AR,0,Arkansas <br> Number of Mentions: 0
California,CA,0,California <br> Number of Mentions: 0
Colorado,CO,0,Colorado <br> Number of Mentions: 0
Connecticut,CT,0,Connecticut <br> Number of Mentions: 0
Delaware,DE,0,Delaware <br> Number of Mentions: 0
Florida,FL,0,Florida <br> Number of Mentions: 0
Georgia,GA,0,Georgia <br> Number of Mentions: 0
Hawaii,HI,0,Hawaii <br> Number of Mentions: 0
Idaho,ID,0,Idaho <br> Number of Mentions: 0
Illinois,IL,0,Illinois <br> Number of Mentions: 0
Indiana,IN,0,Indiana <br> Number of Mentions: 0
Iowa,IA,0,Iowa <br> Number of Mentions: 0
Kansas,KS,0,Kansas <br> Number of Mentions: 0
Kentucky,KY,0,Kentucky <br> Number of Mentions: 0
Louisiana,LA,0,Louisiana <br> Number of Mentions: 0
Maine,ME,0,Maine <br> Number of Mentions: 0
Maryland,MD,0,Maryland <br> Number of Mentions: 0
Massachusetts,MA,0,Massachusetts <br> Number of Mentions: 0
Michigan,MI,0,Michigan <br> Number of Mentions: 0
Minnesota,MN,0,Minnesota <br> Number of Mentions: 0
Mississippi,MS,0,Mississippi <br> Number of Mentions: 0
Missouri,MO,0,Missouri <br> Number of Mentions: 0
Montana,MT,0,Montana <br> Number of Mentions: 0
Nebraska,NE,0,Nebraska <br> Number of Mentions: 0
Nevada,NV,0,Nevada <br> Number of Mentions: 0
New hampshire,NH,0,New hampshire <br> Number of Mentions: 0
New jersey,NJ,0,New jersey <br> Number of Mentions: 0
New mexico,NM,0,New mexico <br> Number of Mentions: 0
New york,NY,0,New york <br> Number of Mentions: 0
North carolina,NC,0,North carolina <br> Number of Mentions: 0
North dakota,ND,0,North dakota <br> Number of Mentions: 0
Ohio,OH,0,Ohio <br> Number of Mentions: 0
Oklahoma,OK,0,Oklahoma <br> Number of Mentions: 0
Oregon,OR,0,Oregon <br> Number of Mentions: 0
Pennsylvania,PA,0,Pennsylvania <br> Number of Mentions: 0
Rhode island,RI,0,Rhode island <br> Number of Mentions: 0
South carolina,SC,0,South carolina <br> Number of Mentions: 0
South dakota,SD,0,South dakota <br> Number of Mentions: 0
Tennessee,TN,0,Tennessee <br> Number of Mentions: 0
Texas,TX,0,Texas <br> Number of Mentions: 0
Utah,UT,0,Utah <br> Number of Mentions: 0
Vermont,VT,0,Vermont <br> Number of Mentions: 0
Virginia,VA,0,Virginia <br> Number of Mentions: 0
Washington,WA,0,Washington <br> Number of Mentions: 0
West virginia,WV,0,West virginia <br> Number of Mentions: 0
Wisconsin,WI,0,Wisconsin <br> Number of Mentions: 0
Wyoming,WY,0,Wyoming <br> Number of Mentions: 0
