word,freq
dad,887
hey,681
dont,635
just,608
get,576
can,528
like,492
youre,482
well,480
mom,459
know,418
got,396
one,385
yeah,378
now,376
man,363
right,344
gonna,342
ill,320
thats,311
cant,290
want,275
look,274
come,258
really,258
milhouse,247
think,246
lisa,240
okay,239
see,235
back,233
good,220
ive,217
lis,208
cool,202
say,201
never,193
theres,193
hes,187
homer,185
take,179
time,179
little,179
make,177
way,176
wow,168
something,168
will,165
krusty,165
didnt,164
need,163
school,161
sorry,159
whats,158
great,153
lets,150
guys,149
gotta,147
boy,145
going,141
please,139
bart,138
thanks,131
whoa,131
thing,131
wait,131
hell,131
even,126
help,126
yes,123
give,122
love,122
people,121
maybe,120
sure,119
let,117
ever,113
big,113
better,112
day,111
two,108
guy,106
simpson,105
dog,103
theyre,102
said,102
thought,101
tell,98
bad,97
home,97
old,96
god,95
mean,95
stupid,94
wanna,92
first,92
youve,92
money,91
huh,90
show,90
made,90
check,89
anything,88
always,88
last,87
kill,87
guess,86
play,86
life,86
new,85
kid,84
much,83
grampa,82
name,81
wont,81
put,80
around,80
still,80
stuff,76
stop,75
fun,73
carumba,73
eat,73
things,72
three,71
house,71
watch,71
cmon,70
believe,69
best,69
isnt,69
kids,69
work,68
place,68
away,67
book,67
nothing,67
find,67
real,66
thank,65
lot,64
keep,64
whos,63
sir,62
next,62
baby,62
friends,62
call,62
weve,61
world,61
every,61
someone,60
youll,60
sister,60
everything,59
long,58
nelson,58
shes,58
feel,57
uhoh,57
nice,55
listen,55
years,55
try,55
use,55
wrong,54
fine,54
night,54
doesnt,54
heres,54
head,53
mrs,53
stay,53
worry,53
another,52
pretty,52
turn,52
talk,51
enough,50
read,50
five,50
room,50
party,49
found,49
dead,49
game,49
die,49
friend,48
trying,48
family,48
girl,48
bob,48
getting,48
minute,47
car,46
crazy,46
says,46
looks,46
story,46
hear,46
must,45
shut,45
hello,45
happy,45
remember,45
seen,45
wheres,45
miss,45
buy,44
hit,44
wanted,44
awesome,43
dads,43
job,43
face,43
leave,42
done,42
saw,42
birthday,42
flanders,42
without,41
already,41
left,41
arent,41
deal,41
springfield,41
hundred,40
today,40
butt,40
fat,40
finally,40
everybody,40
days,40
tomorrow,40
wouldnt,40
easy,40
kind,39
anymore,39
learned,39
outta,39
used,39
might,39
idea,39
ralph,39
ten,38
care,38
least,38
heard,38
gone,38
cause,38
skinner,38
free,38
town,38
whole,38
food,38
happened,37
came,37
win,37
card,37
actually,37
movie,37
together,36
hard,36
many,36
whatever,36
sit,36
hope,36
pay,36
father,36
hate,36
everyone,36
fight,35
comes,35
lisas,35
lost,35
krabappel,35
itchy,35
girls,34
lady,34
times,34
bet,34
bucks,34
quit,34
forget,34
sideshow,34
hot,33
wasnt,33
knew,33
dollars,33
tonight,33
youd,33
wish,33
problem,33
took,33
brother,33
number,32
makes,32
told,32
four,32
hands,32
full,32
hmm,32
talking,32
may,31
cut,31
heart,31
looking,31
mine,31
else,31
later,31
gets,31
pick,31
supposed,31
coming,30
ask,30
maggie,30
beat,30
maam,30
funny,30
save,30
bring,30
gave,30
saying,29
sucks,29
mad,29
hair,29
principal,29
clown,29
ready,29
hmmm,29
test,29
mind,29
live,29
boring,29
bus,29
hurt,29
parents,29
killed,28
taking,28
start,28
year,28
song,28
damn,28
phone,28
end,28
trouble,28
dude,28
dream,28
water,28
havent,28
since,28
line,27
probably,27
bike,27
break,27
move,27
true,27
throw,27
burns,27
willie,27
set,27
run,27
hand,26
yet,26
boys,26
morning,26
change,26
homework,26
heh,26
otto,26
santas,26
kiss,26
anyway,26
means,26
hold,26
ride,26
christmas,26
crap,26
lame,26
ones,25
week,25
martin,25
perfect,25
soul,25
sounds,25
minutes,25
walk,25
spend,25
goes,25
side,25
helper,25
called,25
sign,25
top,24
stick,24
sleep,24
bout,24
class,24
dogs,24
course,24
promise,24
teacher,24
dinner,24
fault,24
door,24
likes,24
woo,24
suck,24
fire,24
six,23
radioactive,23
fifty,23
watching,23
alone,23
knows,23
rock,23
playing,23
seymour,23
teach,23
nuts,23
anyone,23
thinking,23
doin,23
scratchy,23
started,23
answer,23
forever,23
somebody,22
bed,22
store,22
body,22
went,22
sweet,22
aye,22
lookin,22
making,22
nah,22
hang,22
matter,22
ball,22
inside,22
goodbye,22
business,22
hours,22
part,22
understand,21
itll,21
dear,21
happen,21
clean,21
red,21
quick,21
living,21
books,21
eyes,21
comin,21
grow,21
lesson,21
beautiful,21
plan,21
box,21
smell,21
prank,21
close,21
lives,21
till,21
picture,21
news,21
church,21
kinda,21
young,20
ooh,20
comic,20
couldnt,20
beer,20
gettin,20
far,20
tried,20
needs,20
learn,20
goin,20
open,20
mother,20
afraid,20
dumb,20
wants,20
tree,20
works,20
attention,20
front,20
blow,20
half,19
word,19
bit,19
candy,19
hat,19
write,19
trip,19
death,19
shouldnt,19
cow,19
second,19
meet,19
loser,19
plus,19
hero,19
fair,19
hoo,19
eating,19
lord,19
ate,18
welcome,18
mouth,18
games,18
ice,18
missed,18
aint,18
prove,18
ass,18
milhouses,18
won,18
street,18
relax,18
weird,18
lunch,18
eight,18
howd,18
giving,18
country,18
music,18
act,18
safe,18
cartoons,18
gentlemen,18
different,18
gay,18
light,18
honor,18
santa,18
almost,17
feeling,17
person,17
rich,17
alive,17
blood,17
enjoy,17
pants,17
poor,17
spot,17
bathroom,17
crappy,17
theyll,17
tough,17
interesting,17
special,17
either,17
power,17
race,17
moms,17
clothes,17
tired,17
eye,17
thousand,17
sick,17
chief,17
except,17
broken,17
baseball,17
become,17
art,17
stuck,17
rest,17
toilet,17
thinks,17
saved,17
teachers,17
mary,17
grade,17
paper,17
ladies,17
lou,17
step,16
secret,16
present,16
paid,16
stand,16
excuse,16
police,16
shorts,16
gimme,16
nope,16
fresh,16
somewhere,16
pop,16
glad,16
knock,16
scared,16
lie,16
space,16
fly,16
black,16
bag,16
stampy,16
credit,16
junk,16
anybody,16
fall,16
jerk,16
team,16
dump,16
couple,15
died,15
wonder,15
lousy,15
million,15
working,15
quiet,15
swear,15
men,15
milk,15
nothin,15
son,15
genius,15
brought,15
instead,15
machine,15
shows,15
catch,15
floor,15
aunt,15
jail,15
bored,15
star,15
reading,15
lose,15
system,15
summer,15
krustys,15
wearing,15
women,15
cream,15
pull,15
sell,15
ruined,15
asked,15
twelve,15
piece,15
yep,15
dollar,15
george,15
cell,15
war,15
trust,14
worth,14
earth,14
worked,14
nobody,14
taught,14
heads,14
along,14
doll,14
rocks,14
cat,14
air,14
drive,14
cold,14
chance,14
straight,14
met,14
also,14
whatd,14
thatll,14
point,14
monster,14
cartoon,14
send,14
wake,14
future,14
order,14
french,14
dance,14
bully,14
fast,14
shot,14
worst,14
everyones,14
bird,14
passed,14
terrible,13
ugh,13
finished,13
turned,13
teeth,13
stink,13
letter,13
theyve,13
coffee,13
voice,13
bunch,13
gas,13
hour,13
safety,13
smart,13
bear,13
jimbo,13
leaving,13
pass,13
count,13
advice,13
gun,13
low,13
human,13
scary,13
pizza,13
past,13
iunno,13
ticket,13
dark,13
short,13
joe,13
jump,13
join,13
worse,13
cash,13
married,13
cheer,13
birds,13
meat,13
history,13
sad,13
skinners,13
realize,13
seat,13
favorite,13
hurry,12
comics,12
rules,12
mister,12
mail,12
gives,12
touch,12
field,12
stole,12
late,12
twenty,12
talkin,12
dirty,12
drop,12
using,12
question,12
driving,12
fill,12
gold,12
moe,12
hide,12
tape,12
president,12
cookies,12
sucker,12
honest,12
wear,12
boat,12
gotcha,12
shoot,12
brains,12
gee,12
miles,12
truth,12
coolest,12
report,12
longer,12
choice,12
city,12
army,12
folks,12
innocent,12
brain,12
happens,12
snow,12
flag,12
nooo,12
cover,12
stealing,12
important,12
extra,12
vacation,12
taken,12
camera,12
owe,12
feet,12
moom,12
losers,12
american,12
sound,12
punch,12
buck,12
angry,12
internet,12
video,11
guts,11
afternoon,11
ottoman,11
moment,11
empty,11
cars,11
ugly,11
sometimes,11
uhhuh,11
sis,11
seven,11
soon,11
forgive,11
waiting,11
lots,11
plenty,11
poop,11
paint,11
build,11
drink,11
doctor,11
spent,11
deserve,11
cost,11
kidding,11
absolutely,11
ahead,11
problemo,11
cheese,11
uncle,11
spit,11
loved,11
chocolate,11
proud,11
fired,11
woman,11
small,11
handle,11
follow,11
yay,11
chicken,11
outside,11
fruit,11
character,11
greatest,11
ago,11
jesus,11
horrible,11
nerds,11
ned,11
hows,11
learning,11
elephant,11
seem,11
sense,11
ran,11
saturday,11
biggest,11
pool,11
garbage,11
words,11
seeing,11
exactly,11
behind,11
cake,11
whyd,11
lived,11
robot,11
roll,11
bill,11
bastard,11
fighting,10
wasted,10
respect,10
taste,10
forgot,10
telling,10
played,10
cents,10
laugh,10
arm,10
pie,10
wed,10
sunday,10
dreams,10
destroy,10
lucky,10
wet,10
michael,10
green,10
smells,10
putting,10
channel,10
explain,10
crime,10
tony,10
simpsons,10
less,10
missing,10
meant,10
visit,10
teddy,10
planet,10
though,10
groundskeeper,10
finish,10
geez,10
cops,10
leaves,10
notice,10
court,10
whose,10
selma,10
syrup,10
running,10
cry,10
spell,10
robots,10
amen,10
figure,10
hug,10
hungry,10
witch,10
judge,10
threw,10
covered,10
drunk,10
unless,10
dangerous,10
feed,10
wrote,10
knife,10
nerd,10
window,10
seems,10
helping,10
born,10
land,10
fourth,10
jessica,10
stomach,10
hilarious,10
salad,10
oops,10
whered,10
key,10
hasnt,10
killing,10
totally,10
shoes,10
horse,10
pile,10
movies,10
animals,10
burger,9
slow,9
rather,9
reason,9
accident,9
boss,9
keeps,9
goodnight,9
children,9
bowl,9
closer,9
religion,9
building,9
couch,9
martins,9
evil,9
invented,9
bath,9
ohhh,9
created,9
mama,9
wall,9
fell,9
joke,9
cigarette,9
fake,9
starting,9
letters,9
wreck,9
bank,9
hospital,9
suit,9
boyfriend,9
high,9
sisters,9
sitting,9
asking,9
final,9
original,9
crush,9
broke,9
tooth,9
slipped,9
looked,9
square,9
white,9
dress,9
popular,9
bought,9
entire,9
college,9
breakfast,9
wild,9
leg,9
chalmers,9
case,9
charlie,9
murder,9
americas,9
dirt,9
kick,9
treehouse,9
project,9
shouldve,9
changed,9
road,9
luck,9
mothers,9
rat,9
third,9
admit,9
strike,9
scar,9
takes,9
flying,9
blows,9
across,9
guard,9
stories,9
treasure,9
dork,9
fish,9
bullies,9
idiot,9
toy,9
lied,9
bar,9
ohh,9
king,9
screwed,9
toys,9
lead,9
thisll,9
study,9
tie,8
nine,8
ghost,8
sun,8
bartman,8
hose,8
somethings,8
gift,8
jackson,8
cares,8
button,8
push,8
paying,8
peace,8
dunno,8
dig,8
buddy,8
rabbi,8
names,8
career,8
faster,8
famous,8
crash,8
drinking,8
wonderful,8
sent,8
larry,8
nose,8
age,8
schedule,8
club,8
wiggum,8
natural,8
eggs,8
pump,8
rough,8
surprised,8
magic,8
cooties,8
note,8
raise,8
bottom,8
wash,8
hole,8
blue,8
blind,8
testing,8
doc,8
shop,8
setting,8
shall,8
america,8
plane,8
mistake,8
aww,8
normal,8
animal,8
busy,8
track,8
babies,8
presents,8
gramma,8
company,8
wife,8
felt,8
til,8
named,8
basket,8
impossible,8
classic,8
none,8
hed,8
revenge,8
sold,8
load,8
guns,8
factory,8
cruise,8
cats,8
marry,8
werent,8
meeting,8
pills,8
bye,8
early,8
buried,8
mmm,8
state,8
chair,8
goliath,8
farm,8
pathetic,8
vote,7
list,7
grab,7
happening,7
pal,7
rip,7
oooh,7
ahh,7
cheap,7
ear,7
tickets,7
writing,7
burn,7
zero,7
steal,7
bible,7
tight,7
legs,7
commercial,7
fatso,7
miracle,7
mans,7
forty,7
law,7
bent,7
brown,7
walking,7
radio,7
thousands,7
gotten,7
xray,7
climb,7
todays,7
squishee,7
level,7
treat,7
trees,7
local,7
delicious,7
todd,7
sock,7
bottle,7
chop,7
gross,7
upset,7
detention,7
shell,7
edna,7
photo,7
nelsons,7
fool,7
single,7
trade,7
girlfriend,7
freak,7
herb,7
excellent,7
camp,7
gorge,7
zombie,7
selling,7
imagination,7
control,7
older,7
keys,7
underwear,7
skateboard,7
fan,7
cupcakes,7
charge,7
sauce,7
according,7
record,7
screw,7
score,7
sing,7
danger,7
rubber,7
calling,7
cast,7
corn,7
beats,7
humor,7
table,7
trash,7
action,7
afford,7
offense,7
hoping,7
completely,7
sports,7
seriously,7
whatcha,7
service,7
science,7
sky,7
office,7
singing,7
fear,7
pleasure,7
yellow,7
grown,7
van,7
asleep,7
ideas,7
magazine,7
careful,7
sergeant,7
park,7
warm,7
middle,7
given,7
possible,7
major,7
booger,7
pet,7
giant,7
drown,7
monsters,7
shoe,7
snowball,7
match,7
nap,7
boogers,7
cereal,7
dancing,7
songs,7
pee,7
egg,7
greta,7
hawk,7
plate,7
pedal,7
valentine,7
bound,6
dry,6
adult,6
thirty,6
apu,6
product,6
form,6
pain,6
copy,6
apple,6
turns,6
locked,6
cesspool,6
electricity,6
fingers,6
lines,6
lovejoy,6
reverend,6
double,6
nest,6
speaking,6
riding,6
duh,6
derby,6
built,6
dammit,6
sees,6
pregnant,6
dee,6
message,6
rod,6
fit,6
speak,6
divorced,6
date,6
whoever,6
honey,6
officer,6
cop,6
blame,6
simple,6
english,6
violence,6
behold,6
ways,6
daughter,6
master,6
unky,6
ring,6
closet,6
fact,6
brand,6
enemies,6
neither,6
wondering,6
bloody,6
suckers,6
wolf,6
washed,6
trained,6
sea,6
bug,6
rule,6
mob,6
weekend,6
satan,6
station,6
bigger,6
higher,6
whee,6
smoking,6
finger,6
arrrgh,6
queen,6
beans,6
snakes,6
butter,6
ruin,6
yesm,6
basement,6
rid,6
eep,6
junior,6
center,6
river,6
lift,6
escape,6
jerks,6
solve,6
prison,6
frog,6
quimby,6
accept,6
mess,6
envelope,6
truck,6
murdered,6
evidence,6
agreed,6
pretend,6
gods,6
backwards,6
settle,6
drawing,6
juice,6
adults,6
bow,6
pirates,6
doomed,6
cootie,6
washington,6
hurts,6
sidekick,6
stranger,6
theyd,6
scare,6
eats,6
agree,6
pounds,6
banana,6
dummy,6
bomb,6
deep,6
cup,6
points,6
trick,6
fancy,6
autograph,6
hibbert,6
regular,6
showed,6
forgotten,6
mustve,6
model,6
round,6
eve,6
boo,6
wherever,6
dessert,6
powers,6
laddie,6
keeping,6
twice,6
homers,6
bingo,6
butts,6
dressed,6
ding,6
indian,6
island,6
board,6
kearney,6
ducks,6
near,6
drugs,6
boxes,6
balls,6
booze,6
hoover,6
percent,6
spread,6
lay,6
super,6
saving,6
heal,6
figured,6
weeks,6
wedding,6
seconds,6
code,6
version,6
boxing,6
library,6
basketball,6
hood,6
ornament,6
ending,6
speech,6
daddys,6
vroom,6
activity,6
rap,6
pranks,6
stanley,6
notes,6
awww,6
lameo,6
minibike,6
roosevelt,6
aooga,6
voodoo,6
lassen,6
spy,6
asbestos,6
slide,5
lewis,5
fallout,5
dime,5
humiliating,5
arms,5
held,5
moon,5
rain,5
sleepover,5
ground,5
ended,5
share,5
yup,5
loves,5
piano,5
training,5
awful,5
karate,5
aside,5
dies,5
lick,5
horses,5
picking,5
although,5
gang,5
whenever,5
chest,5
community,5
beauty,5
prize,5
bless,5
hats,5
ahhh,5
child,5
nightmare,5
paw,5
busted,5
pink,5
champ,5
needed,5
shopping,5
spirit,5
crank,5
sorta,5
fiftytwo,5
bee,5
calls,5
wha,5
universe,5
useless,5
kitchen,5
whoops,5
foot,5
wine,5
damned,5
months,5
suppose,5
breath,5
runs,5
keepin,5
operation,5
neck,5
precious,5
lights,5
noooo,5
garage,5
bum,5
interest,5
block,5
condition,5
kissing,5
standards,5
freedom,5
zing,5
bacon,5
wire,5
bobs,5
pardon,5
testify,5
zombies,5
indeed,5
punish,5
bells,5
complain,5
swallow,5
tongue,5
jones,5
robin,5
train,5
monorail,5
counting,5
wore,5
tom,5
barts,5
faking,5
hidden,5
series,5
shake,5
spray,5
involved,5
musical,5
irish,5
morphine,5
sugar,5
hook,5
interested,5
plant,5
appear,5
cards,5
serious,5
whod,5
appreciate,5
beloved,5
gum,5
vision,5
uhh,5
couldve,5
donny,5
strength,5
naked,5
security,5
strangle,5
aha,5
hated,5
caught,5
dentist,5
sucked,5
grief,5
yesterday,5
sissy,5
license,5
filled,5
glasses,5
blah,5
axe,5
decent,5
students,5
opening,5
cameras,5
mouse,5
fireworks,5
numbers,5
fox,5
glue,5
fifth,5
jealous,5
hobo,5
government,5
clear,5
ignore,5
listening,5
expect,5
balloon,5
certainly,5
babe,5
snot,5
crowd,5
meh,5
schools,5
spin,5
problems,5
jazz,5
lemon,5
leader,5
religious,5
families,5
delivery,5
grew,5
quarter,5
traded,5
homeboy,5
pure,5
embarrassing,5
marge,5
houten,5
colors,5
bush,5
complete,5
indians,5
valuable,5
roger,5
hotel,5
beers,5
vegas,5
worlds,5
didja,5
stunt,5
creepy,5
loose,5
serve,5
alien,5
others,5
playdude,5
poochie,5
possibly,5
throwing,5
bread,5
whatre,5
plastic,5
rats,5
vegetarian,5
pep,5
gather,5
owns,5
yard,5
soft,5
russia,5
marriage,5
soccer,5
letting,5
enter,5
shirt,5
wendell,5
draw,5
blew,5
gut,5
cage,5
lotta,5
dying,5
museum,5
sayin,5
allowed,5
trap,5
electric,5
league,5
tattoo,5
doo,5
shirts,5
month,5
pirate,5
fart,5
smash,5
snake,5
wind,5
oil,5
math,5
program,5
colonel,5
cooler,5
german,5
swing,5
dummies,5
soup,5
ship,5
polo,5
band,5
ooo,5
mount,5
anywhere,5
cowabunga,5
nature,5
answers,5
mau,5
spending,5
ape,5
partner,5
starts,5
grub,5
hay,5
stuffed,5
dumped,5
captain,5
hop,5
tank,5
student,5
halloween,5
dorks,5
grass,5
moleman,5
chess,5
opened,5
walls,5
tshirts,5
thinner,5
feelings,5
tea,5
torture,5
england,5
darcy,5
strangles,5
norbert,5
moo,5
beg,5
focused,5
maids,5
myth,5
minus,5
nevermore,5
victory,4
sweat,4
voted,4
babysitter,4
arcade,4
sport,4
bottles,4
buying,4
lemonade,4
bat,4
nobodys,4
screaming,4
thirtyfive,4
breathe,4
sap,4
piggy,4
rights,4
lion,4
reward,4
changes,4
whistle,4
joes,4
mental,4
gasoline,4
wheels,4
freeze,4
nunchucks,4
demonstrate,4
china,4
badge,4
material,4
conscience,4
salt,4
contest,4
tons,4
suddenly,4
bother,4
crying,4
fail,4
charity,4
sharp,4
pushed,4
hopeless,4
holding,4
specs,4
jeez,4
grave,4
scream,4
soap,4
beck,4
construction,4
itd,4
picked,4
lying,4
promised,4
seek,4
turning,4
kool,4
force,4
faith,4
thy,4
price,4
smoke,4
sale,4
passes,4
cap,4
pickle,4
states,4
united,4
coach,4
photos,4
quite,4
liked,4
hall,4
moving,4
loops,4
signed,4
supreme,4
standing,4
borrow,4
gate,4
framed,4
seemed,4
noticed,4
frisbee,4
novelty,4
pleasant,4
besides,4
privacy,4
alike,4
donuts,4
likely,4
award,4
john,4
gym,4
grades,4
add,4
upon,4
worried,4
eaten,4
forced,4
guvnor,4
hung,4
daddy,4
dare,4
hubba,4
underpants,4
tear,4
toe,4
metal,4
pages,4
tryin,4
chapter,4
straighten,4
cook,4
punishment,4
jingle,4
justice,4
cue,4
twisted,4
shove,4
silence,4
questions,4
aim,4
maniac,4
fully,4
spider,4
unholy,4
diet,4
hells,4
allouetty,4
squeal,4
forehead,4
luggage,4
duff,4
someday,4
chester,4
south,4
danish,4
writers,4
merry,4
ants,4
checks,4
awards,4
squeeze,4
shine,4
television,4
laughing,4
pencil,4
hangin,4
target,4
painting,4
evening,4
hiding,4
vampire,4
grampas,4
nyung,4
lock,4
acting,4
thin,4
uniform,4
everywhere,4
lies,4
parking,4
burglar,4
collection,4
kent,4
size,4
shame,4
sticks,4
tip,4
allowance,4
dealer,4
sneak,4
stinks,4
holy,4
cafeteria,4
enemy,4
sort,4
often,4
forward,4
chicks,4
especially,4
attack,4
springfields,4
nooooo,4
corpse,4
create,4
switch,4
monkey,4
invited,4
whew,4
resist,4
dish,4
weapons,4
troll,4
return,4
somehow,4
area,4
tall,4
incredible,4
energy,4
criminal,4
protect,4
amazing,4
stairs,4
professional,4
ripped,4
rusty,4
definitely,4
fathers,4
utah,4
australia,4
bees,4
stars,4
basically,4
prepare,4
heading,4
racing,4
twentyfour,4
twentytwo,4
twentyfive,4
crack,4
socks,4
bones,4
superman,4
killer,4
psst,4
stopping,4
butterfly,4
cement,4
somebodys,4
roman,4
rocky,4
inch,4
pancakes,4
oclock,4
murderers,4
bugs,4
familiar,4
carrying,4
mention,4
winning,4
fifteen,4
coat,4
towel,4
purse,4
hippie,4
mel,4
patrol,4
bonestorm,4
iii,4
express,4
loving,4
sheep,4
ahoy,4
worship,4
doctors,4
tax,4
sentence,4
gutter,4
myers,4
sending,4
spring,4
fortune,4
heck,4
panic,4
hits,4
toss,4
clock,4
bull,4
mountain,4
entertainment,4
tour,4
zzzapp,4
planning,4
towns,4
patty,4
babysitting,4
moes,4
page,4
faces,4
following,4
termites,4
pill,4
bulb,4
statue,4
challenge,4
carry,4
rope,4
network,4
pig,4
sometime,4
quarterback,4
lazy,4
somethin,4
cheek,4
birth,4
accidentally,4
hitler,4
wins,4
flame,4
rubes,4
bikes,4
coconut,4
press,4
vegetables,4
sloppy,4
failure,4
abandoned,4
cliff,4
skull,4
caring,4
sleeping,4
heat,4
pulling,4
priceless,4
silly,4
everythings,4
grease,4
yawn,4
mistakes,4
pets,4
script,4
catholic,4
gorilla,4
willing,4
breaking,4
successful,4
failed,4
puppy,4
web,4
golf,4
satellite,4
slice,4
tastes,4
smooth,4
funzo,4
gentle,4
miracles,4
computer,4
attitude,4
post,4
clip,4
bra,4
maggies,4
bride,4
falling,4
warn,4
badger,4
garden,4
melon,4
insane,4
sittin,4
con,4
costs,4
riot,4
chewing,4
stores,4
trophy,4
psych,4
ultimate,4
teller,4
shark,4
patch,4
manager,4
vacuuming,4
helped,4
scheme,4
batman,4
bubble,4
dudes,4
dishes,4
barf,4
color,4
desk,4
bedtime,4
calm,4
memory,4
karaté,4
san,4
exciting,4
chalkboard,4
psycho,4
apart,4
poindexter,4
group,4
hates,4
sexy,4
kissed,4
carrot,4
sketch,4
cotton,4
shhh,4
painted,4
commercials,4
bedroom,4
stupidest,4
tub,4
hill,4
videogames,4
midnight,4
uses,4
yknow,4
hulk,4
relationship,4
feelin,4
ray,4
deserves,4
steps,4
runt,4
offer,4
imagining,4
practice,4
football,4
waste,4
mcmansion,4
ski,4
doy,4
sat,4
wars,4
dvd,4
crisscross,4
lamb,4
avoid,4
farts,4
flash,4
broccoli,4
correction,4
wizards,4
whoopee,4
zhenya,4
cheated,4
whoo,4
kwyjibo,4
passengers,4
cherry,4
ils,4
elves,4
peh,4
bitchin,4
bleed,3
strong,3
became,3
punches,3
vietnam,3
practically,3
ahha,3
coins,3
quarters,3
stays,3
chances,3
elephants,3
mailman,3
voices,3
pony,3
nights,3
tag,3
genuine,3
cigars,3
uhuh,3
bestest,3
bud,3
twins,3
influence,3
depressed,3
collect,3
consider,3
alright,3
spill,3
address,3
millions,3
quote,3
ridiculous,3
crushing,3
impression,3
doris,3
moped,3
blueberry,3
ordered,3
drill,3
goggles,3
ronnie,3
helmets,3
gravity,3
drove,3
cart,3
staring,3
creator,3
allow,3
picnic,3
stamp,3
oven,3
babys,3
frosting,3
sundae,3
complaining,3
invasion,3
perhaps,3
bald,3
soldier,3
beaten,3
nervous,3
bang,3
steam,3
equals,3
wishes,3
personal,3
penny,3
thoughts,3
helps,3
strap,3
responsible,3
quickly,3
homemade,3
fellas,3
burning,3
authority,3
belly,3
search,3
lately,3
betrayed,3
talent,3
screen,3
scum,3
phony,3
medicine,3
chose,3
fireplace,3
romantic,3
surely,3
macgyver,3
blown,3
whip,3
jacket,3
gyp,3
fans,3
spare,3
dumpster,3
chip,3
buddies,3
doubt,3
type,3
surprise,3
strut,3
mint,3
trading,3
risk,3
samantha,3
concerned,3
tis,3
yada,3
ratted,3
knee,3
confession,3
thrown,3
olympics,3
quietly,3
annual,3
grand,3
playin,3
hunt,3
armor,3
bullets,3
average,3
angel,3
moves,3
seal,3
brothers,3
bitch,3
jelly,3
smile,3
tricks,3
wipe,3
heel,3
led,3
prefer,3
arts,3
realized,3
nows,3
starving,3
eatin,3
flies,3
bond,3
halfway,3
ends,3
laughs,3
russian,3
tool,3
skin,3
usual,3
beep,3
byebye,3
etc,3
beef,3
pipe,3
mommy,3
bury,3
lincoln,3
gardens,3
stopped,3
rack,3
pulled,3
blackjack,3
planned,3
meal,3
olympic,3
reach,3
nyuck,3
ages,3
hamsters,3
rattle,3
handing,3
episode,3
barber,3
barbecue,3
covers,3
opens,3
scratchys,3
billy,3
situation,3
barry,3
chewable,3
flintstones,3
bust,3
pack,3
peanut,3
rug,3
cute,3
storm,3
beatles,3
hardly,3
witness,3
diggin,3
holes,3
deny,3
paintings,3
devil,3
gallery,3
wheel,3
uter,3
intense,3
vampires,3
blast,3
arencha,3
wowww,3
ewww,3
everybodys,3
york,3
certain,3
knives,3
enjoying,3
hitch,3
tied,3
swiss,3
beating,3
jackpot,3
casino,3
elementary,3
fantasy,3
ability,3
crawling,3
brockman,3
fad,3
conan,3
catchphrase,3
burned,3
kansas,3
mangled,3
parade,3
jerky,3
caramba,3
umm,3
strip,3
gnight,3
mysterious,3
hardwood,3
pit,3
yuck,3
crawled,3
drank,3
joy,3
jumping,3
biting,3
abe,3
mcbain,3
rice,3
toots,3
cancel,3
cel,3
federal,3
opposed,3
ketchup,3
remind,3
concentrate,3
suits,3
bathtub,3
popularity,3
lighter,3
toes,3
upstairs,3
allison,3
checkin,3
cows,3
prices,3
plates,3
goat,3
moments,3
repeat,3
cmere,3
prairie,3
moved,3
plausible,3
worn,3
staying,3
bone,3
able,3
turkey,3
experience,3
blizzard,3
hockey,3
honeybunny,3
annoying,3
caramel,3
brilliant,3
halfassed,3
classes,3
ashamed,3
tantrum,3
pictures,3
deck,3
pretending,3
hemisphere,3
southern,3
emergency,3
toilets,3
sex,3
sallright,3
ballet,3
homes,3
las,3
shower,3
virtual,3
bachelor,3
exotic,3
social,3
fetch,3
sets,3
puppies,3
laundry,3
onto,3
weaker,3
feels,3
teaching,3
clever,3
addiction,3
nail,3
mayor,3
sweeter,3
aah,3
shadow,3
lecture,3
season,3
belongs,3
crud,3
shelbyville,3
choke,3
childhood,3
cross,3
fellow,3
jet,3
numerals,3
dna,3
atom,3
issues,3
role,3
terms,3
winter,3
several,3
americans,3
disease,3
edition,3
swallowed,3
boogeyman,3
souls,3
awake,3
nuhuh,3
brush,3
release,3
granny,3
known,3
tennis,3
searching,3
wig,3
rented,3
rent,3
player,3
mood,3
videogame,3
warren,3
madness,3
sweater,3
neighborhood,3
livin,3
italian,3
tacos,3
endorse,3
jimbos,3
whaddaya,3
lobsters,3
signature,3
nipple,3
celebrity,3
fires,3
seats,3
millionaire,3
pound,3
scene,3
wad,3
alibi,3
grammar,3
stretch,3
powerful,3
private,3
difference,3
coward,3
barrel,3
attacked,3
belt,3
trunks,3
smelly,3
screams,3
poster,3
claim,3
mabel,3
hearing,3
glass,3
listened,3
woods,3
reindeer,3
tenyearold,3
supply,3
dam,3
lincolns,3
rush,3
dame,3
owner,3
baron,3
sight,3
obviously,3
finds,3
suspicious,3
shack,3
charges,3
tim,3
issue,3
luckily,3
atlanta,3
unlike,3
sax,3
nut,3
wing,3
tvs,3
ceiling,3
vandalism,3
whoahoho,3
designed,3
meaning,3
mayhem,3
lee,3
sin,3
swings,3
scoop,3
coaster,3
roller,3
freaks,3
cult,3
kings,3
plans,3
cocoa,3
tummy,3
comedy,3
whuh,3
insulted,3
stains,3
streets,3
fudge,3
funeral,3
chillin,3
inches,3
luxury,3
sparkle,3
ninja,3
quality,3
rollin,3
banks,3
discovery,3
modern,3
toronto,3
veterans,3
brave,3
dealing,3
grownup,3
impress,3
pin,3
mark,3
lameos,3
boobs,3
hammer,3
hoggin,3
fruity,3
phew,3
swore,3
heavy,3
whipped,3
lobster,3
sec,3
madder,3
moose,3
curfew,3
grownups,3
secrets,3
coupon,3
oldest,3
due,3
alarm,3
dolls,3
chew,3
lemme,3
applause,3
whale,3
bell,3
speed,3
site,3
japanese,3
followed,3
engine,3
self,3
courage,3
praise,3
activities,3
kidnapped,3
phaser,3
gates,3
headed,3
mars,3
cowards,3
costume,3
pad,3
string,3
stronger,3
gary,3
funzos,3
soak,3
bucket,3
duncan,3
pearls,3
pledge,3
capital,3
replaced,3
gig,3
moolah,3
jimmy,3
bewitched,3
favor,3
easier,3
solid,3
growing,3
walked,3
tuesdays,3
christianity,3
dick,3
hamster,3
balloons,3
scam,3
tunnel,3
didi,3
apron,3
lifetime,3
illegal,3
tricked,3
spelling,3
mosquito,3
flavor,3
rockets,3
fix,3
village,3
lennys,3
wrestling,3
yell,3
stanford,3
rub,3
helpful,3
backpack,3
easiest,3
mccoy,3
choose,3
que,3
beach,3
tomato,3
chin,3
chill,3
kicking,3
breaks,3
wednesday,3
governor,3
folk,3
fortyeight,3
focus,3
france,3
dust,3
wiener,3
worms,3
glamorous,3
peoples,3
shape,3
versus,3
pumpkin,3
assume,3
legend,3
fatty,3
total,3
bowling,3
pitch,3
chuck,3
bounce,3
phoenix,3
butterflies,3
saunter,3
knowing,3
cavalry,3
peanuts,3
jumps,3
click,3
touching,3
wedgie,3
wah,3
canceled,3
curtis,3
macbeth,3
suicide,3
knockahomer,3
pretended,3
weak,3
psyche,3
monopoly,3
dice,3
dink,3
juvie,3
jobs,3
simon,3
mud,3
donkey,3
skinrash,3
vomit,3
frozen,3
goose,3
needy,3
fairy,3
etch,3
concert,3
kidnappers,3
deals,3
blimp,3
slowly,3
turtle,3
mall,3
stab,3
heaven,3
knight,3
nineteen,3
blanket,3
rolls,3
soda,3
separate,3
matters,3
viewing,3
landed,3
psychiatrist,3
canadian,3
ouch,3
suffer,3
enjoyed,3
bombardment,3
wood,3
remembered,3
romance,3
papa,3
brownies,3
ankle,3
potato,3
throat,3
pilgrims,3
barto,3
drowned,3
eighteen,3
sandwich,3
laughed,3
breeze,3
ping,3
mommm,3
horn,3
loud,3
fry,3
valentines,3
capeesh,3
ostrich,3
normally,3
dictionary,3
usually,3
lurleen,3
packed,3
phones,3
denis,3
cabin,3
kittens,3
hamburger,3
pork,3
slurp,3
language,3
jenny,3
oscar,3
punching,3
headshot,3
orphan,3
annie,3
sever,3
ruining,3
nikki,3
row,3
prayers,3
yum,3
maid,3
walt,3
reader,3
poker,3
upgrade,3
naughty,3
film,3
spirits,3
therapy,3
truffles,3
rides,3
virus,3
friday,3
spuckler,3
meds,3
kkangpae,3
estate,3
equal,3
octopus,3
falcons,3
diggs,3
stolen,3
period,3
intelligence,3
arewethereyet,3
jebediah,3
mon,3
thanksgiving,3
truckasaurous,3
lance,3
demand,2
monkeyman,2
tone,2
casper,2
wimpy,2
richie,2
haunts,2
restaurant,2
geek,2
thirsty,2
amputate,2
germs,2
pies,2
clam,2
chumps,2
pals,2
impressive,2
ticks,2
shoving,2
believed,2
mike,2
crowbar,2
ramble,2
timer,2
dates,2
relatives,2
snuff,2
desire,2
patient,2
tunes,2
hearts,2
meatloaf,2
wakeup,2
nixon,2
richard,2
worker,2
sang,2
akira,2
blocks,2
sensei,2
doe,2
dow,2
tan,2
cuttin,2
warehouse,2
bare,2
witchcraft,2
comfort,2
cuz,2
invite,2
sticking,2
honors,2
memories,2
caller,2
chooses,2
revoir,2
noah,2
talmud,2
command,2
cedar,2
redemption,2
written,2
jews,2
entertainer,2
swell,2
nightmares,2
lunchlady,2
cruiser,2
spaceship,2
racer,2
guarded,2
soapbox,2
champion,2
cheat,2
elses,2
nyahnyahnyahnyahnyah,2
nyah,2
nyahnyah,2
nyahnyahnyah,2
slumber,2
plotting,2
aaahhh,2
ptew,2
admire,2
flaming,2
inventor,2
hugh,2
bail,2
bears,2
beneath,2
blade,2
goods,2
weight,2
commander,2
martian,2
resistance,2
captured,2
forth,2
porch,2
lip,2
otoole,2
timmy,2
microphone,2
boob,2
sunny,2
snipers,2
touchdown,2
plucking,2
deaths,2
stinky,2
untimely,2
wrinkles,2
yoyo,2
malibu,2
stacy,2
object,2
recently,2
xerox,2
skates,2
bass,2
partly,2
darryl,2
policeman,2
laws,2
attaboy,2
legends,2
slip,2
locker,2
steak,2
pfft,2
whens,2
doggie,2
darn,2
base,2
spots,2
stress,2
armed,2
nogood,2
tomorrows,2
victims,2
twotime,2
leak,2
explode,2
filling,2
spark,2
watched,2
warmup,2
slag,2
pigs,2
guitar,2
sponge,2
hag,2
swamp,2
selection,2
wide,2
mantle,2
melt,2
principals,2
wrestle,2
division,2
penguin,2
vault,2
noise,2
achievement,2
excellence,2
piercing,2
kamp,2
lalalalalala,2
returned,2
textbooks,2
gaze,2
pleasantly,2
philosophy,2
therell,2
products,2
roast,2
autobiography,2
vitamins,2
inferior,2
campers,2
export,2
fed,2
yer,2
resting,2
whoop,2
contests,2
ancient,2
padding,2
taping,2
grandmas,2
whooo,2
winner,2
heels,2
pressure,2
adventure,2
bites,2
feeding,2
market,2
shh,2
poison,2
dentures,2
lips,2
mexican,2
jury,2
compare,2
licked,2
dwell,2
within,2
faked,2
hid,2
donut,2
laura,2
ladys,2
insanity,2
plead,2
texas,2
plays,2
rebel,2
hmmmm,2
shown,2
plow,2
spout,2
sink,2
crib,2
clownll,2
david,2
wrecked,2
abraham,2
intensive,2
nay,2
false,2
conductor,2
gladys,2
spaghetti,2
queasy,2
tiger,2
wagon,2
curb,2
weapon,2
military,2
fatherson,2
harder,2
kicked,2
holiday,2
reasons,2
pregnancy,2
prepared,2
sacrifice,2
pinpoint,2
rips,2
aaaaand,2
effects,2
cupcake,2
wise,2
cakes,2
clues,2
planes,2
scientists,2
crummy,2
weakness,2
moron,2
april,2
amusing,2
fools,2
bennett,2
sixty,2
writes,2
propose,2
remark,2
vent,2
deformed,2
places,2
ham,2
speakers,2
stereo,2
lawyer,2
cocktail,2
smeared,2
gator,2
sweep,2
mens,2
sullivan,2
fascinating,2
hef,2
chili,2
peppers,2
barbershop,2
holder,2
dennis,2
menace,2
lovable,2
edgy,2
hms,2
pinafore,2
kidnap,2
oinksalot,2
rolling,2
purpose,2
discouraged,2
diseased,2
buh,2
scarier,2
straps,2
terrifying,2
uhhh,2
stumble,2
casbah,2
trampoline,2
odd,2
unno,2
overpass,2
entirely,2
joined,2
carries,2
clearer,2
rafting,2
expression,2
happenin,2
liza,2
minelli,2
robbed,2
megaphone,2
workers,2
yoink,2
credits,2
obrien,2
section,2
performance,2
hurl,2
loudmouth,2
astronaut,2
opposite,2
genetic,2
buncha,2
geeks,2
josé,2
pixie,2
ravine,2
kbbl,2
mighty,2
preciate,2
pair,2
africa,2
geography,2
lonely,2
refuge,2
explains,2
holland,2
delivered,2
maze,2
smithers,2
throws,2
destructive,2
mackie,2
centuries,2
guilt,2
faculty,2
lounge,2
mightve,2
seed,2
seventeen,2
freddy,2
claus,2
von,2
skipped,2
boyfriends,2
charged,2
sewer,2
dared,2
underwater,2
discussed,2
faithful,2
taped,2
explanation,2
principle,2
helga,2
miserable,2
compete,2
survived,2
involves,2
diorama,2
traumatic,2
shooin,2
screws,2
cutting,2
bort,2
ant,2
disgruntled,2
chopper,2
smashie,2
wit,2
wouldve,2
capsules,2
triangle,2
archie,2
sonny,2
sounded,2
behave,2
convince,2
explosives,2
medal,2
rocket,2
sled,2
charming,2
randy,2
liar,2
sarah,2
catches,2
extension,2
integrity,2
surface,2
petty,2
thug,2
reads,2
lil,2
episodes,2
differences,2
greater,2
fda,2
marshmallow,2
chick,2
hooks,2
ufo,2
roof,2
ufos,2
conspiracy,2
behavior,2
explosions,2
telephone,2
department,2
agreement,2
alaska,2
canal,2
pockets,2
telescope,2
seltzer,2
toothpaste,2
obey,2
operator,2
drains,2
sucking,2
sinks,2
neighbors,2
sincerely,2
yadda,2
fraud,2
apologies,2
expert,2
spoon,2
receive,2
steady,2
tights,2
dancer,2
clearly,2
medical,2
maps,2
por,2
slides,2
windy,2
eternal,2
films,2
badmouthed,2
wrecking,2
darts,2
destruction,2
senseless,2
jerkface,2
hush,2
monty,2
tuxedo,2
safer,2
soldiers,2
oww,2
overload,2
crane,2
sand,2
wuh,2
pity,2
failing,2
crawl,2
smarts,2
chopped,2
ache,2
rounds,2
legal,2
thou,2
borrowed,2
coke,2
voltage,2
brag,2
lemons,2
numerous,2
supplies,2
loyal,2
mystery,2
east,2
assumed,2
undercover,2
walks,2
cans,2
someones,2
motorcycle,2
caution,2
contain,2
tigers,2
forgetting,2
suspect,2
superheroes,2
example,2
pun,2
similarities,2
lamer,2
similar,2
exploding,2
mercy,2
taller,2
hideous,2
wished,2
cured,2
hunger,2
decades,2
givin,2
sickens,2
maple,2
microwave,2
hymns,2
shank,2
ocean,2
submarine,2
thick,2
driveway,2
messages,2
waitin,2
sandbox,2
superbowl,2
fallen,2
fraid,2
gain,2
basic,2
soy,2
nuclear,2
charm,2
christmases,2
hunk,2
rackets,2
bargain,2
dive,2
soiled,2
tuckin,2
happiest,2
shoplifting,2
detective,2
adams,2
hog,2
dan,2
ban,2
sling,2
helloooo,2
pajamas,2
nation,2
experiencing,2
offensive,2
locusts,2
image,2
shaped,2
kept,2
cent,2
signing,2
apus,2
islands,2
recess,2
caused,2
connection,2
nets,2
exact,2
afternoons,2
illiterate,2
downtown,2
oaf,2
studio,2
coast,2
animated,2
solved,2
workplace,2
cracker,2
kicks,2
rodeo,2
concur,2
visitors,2
sunsphere,2
survive,2
parked,2
dyou,2
claimed,2
classmates,2
gibberish,2
figures,2
burnsie,2
sixtyfour,2
hellfish,2
embarrassment,2
bands,2
dinosaur,2
lamest,2
partay,2
churches,2
shootin,2
tighten,2
toothbrush,2
yearbook,2
friendship,2
attendance,2
july,2
copies,2
shocked,2
sooner,2
tiny,2
sposed,2
detector,2
foibles,2
sorting,2
warned,2
chase,2
standard,2
topwise,2
loadbearing,2
uranus,2
sip,2
ford,2
overrated,2
ruth,2
sharing,2
quiz,2
wander,2
banned,2
slim,2
steel,2
pen,2
daad,2
cons,2
style,2
haunted,2
blueprints,2
spotted,2
babysit,2
waah,2
sub,2
host,2
bump,2
banging,2
lump,2
claws,2
elbow,2
knocking,2
grossest,2
cpr,2
rehearsing,2
crew,2
superintendent,2
orders,2
causing,2
pocket,2
skinny,2
santos,2
comment,2
limited,2
herd,2
sorts,2
punished,2
kennel,2
settled,2
messed,2
showtime,2
filthy,2
trashed,2
watchman,2
disneyland,2
cleaning,2
graffiti,2
transfer,2
buds,2
disturb,2
betty,2
refreshments,2
forks,2
doody,2
potty,2
buttman,2
transporter,2
william,2
comfortable,2
hut,2
excused,2
angus,2
eventually,2
wooden,2
skid,2
brakes,2
acted,2
carnage,2
marvin,2
mow,2
carnival,2
carnies,2
lookie,2
wocka,2
jungle,2
skip,2
someplace,2
hysterical,2
midgets,2
precedent,2
exports,2
libya,2
conclusion,2
butlers,2
starved,2
chewy,2
rise,2
session,2
guilty,2
opinion,2
proof,2
jay,2
funniest,2
sultan,2
acoustics,2
drinkin,2
roomy,2
meantime,2
hee,2
buildings,2
houston,2
bushes,2
bounty,2
uhm,2
ralphs,2
illin,2
crook,2
penn,2
embarrass,2
threes,2
stake,2
torpedoes,2
wears,2
jumped,2
earring,2
benefits,2
bite,2
drops,2
knockout,2
billion,2
barn,2
schoolyard,2
anchorman,2
makeup,2
anchor,2
canada,2
stripes,2
homeless,2
junkyard,2
naw,2
immigrant,2
tops,2
startin,2
capture,2
whoaa,2
rainier,2
wolfcastle,2
bars,2
pole,2
tada,2
plug,2
booty,2
haul,2
sequel,2
computers,2
staplers,2
twentyseven,2
source,2
edison,2
italy,2
incident,2
chirpy,2
hatching,2
lizard,2
raised,2
darkness,2
batteries,2
characters,2
disgusting,2
nowhere,2
lake,2
possibility,2
kiddin,2
cowboys,2
motor,2
smith,2
wax,2
threatening,2
slap,2
scratching,2
papers,2
ton,2
tune,2
corked,2
scored,2
belong,2
coincidence,2
max,2
desperately,2
physically,2
nbc,2
flat,2
menu,2
bait,2
losin,2
praying,2
captivity,2
fantastic,2
growth,2
mateys,2
silver,2
vacuum,2
shaking,2
plugs,2
monkeys,2
coleslaw,2
flower,2
usa,2
fried,2
sparkling,2
medication,2
dope,2
poetry,2
laser,2
terrific,2
memo,2
chain,2
bright,2
spying,2
organizer,2
invisible,2
thinkin,2
print,2
doubts,2
jordan,2
paul,2
stephen,2
mild,2
stamps,2
conditioner,2
dah,2
map,2
european,2
fortress,2
destroying,2
microsoft,2
drummer,2
squealer,2
illusion,2
unclean,2
view,2
limit,2
deathbed,2
performed,2
sermon,2
preacher,2
shalt,2
sinner,2
whiz,2
healer,2
gratitude,2
persona,2
conversion,2
yakkin,2
wowwipop,2
jeeves,2
gambling,2
reservation,2
fries,2
ponytail,2
meanwhile,2
background,2
expired,2
gaga,2
montana,2
printed,2
rage,2
flavors,2
position,2
tears,2
nazi,2
groom,2
crashing,2
gravy,2
improvement,2
hugging,2
tshirt,2
plague,2
podium,2
soups,2
lure,2
stoats,2
mush,2
twofiftysix,2
ghastly,2
studied,2
mercury,2
venus,2
cheating,2
fund,2
repair,2
swimming,2
kit,2
approved,2
sons,2
artists,2
pigeon,2
loot,2
leash,2
mitzvah,2
wealth,2
fbi,2
arrested,2
bullet,2
takin,2
hereby,2
wrist,2
princess,2
raw,2
published,2
cranky,2
cleaner,2
indoor,2
garde,2
autopsy,2
bootleg,2
videos,2
husband,2
telegram,2
awfully,2
archenemy,2
italia,2
viva,2
yelling,2
onehour,2
burst,2
research,2
diamond,2
sacks,2
pillows,2
christ,2
burping,2
nicer,2
stepped,2
foods,2
tether,2
screwing,2
courtroom,2
ollie,2
tabooger,2
male,2
religions,2
judaism,2
dating,2
sweaters,2
fights,2
jackass,2
west,2
bumping,2
declare,2
capitals,2
whatll,2
shiny,2
bothering,2
cowboy,2
joan,2
confess,2
brazil,2
sword,2
bathrobe,2
lantern,2
cookie,2
slash,2
shrimp,2
windows,2
loaded,2
diarrhea,2
burp,2
clowns,2
general,2
haircuts,2
huffin,2
expo,2
buster,2
razor,2
mineral,2
silent,2
drew,2
boner,2
humiliate,2
samples,2
dot,2
breaker,2
encourage,2
spicy,2
leslie,2
videotapes,2
divorce,2
suitcase,2
murders,2
perfectly,2
jammies,2
expensive,2
diaper,2
airplanes,2
congress,2
elected,2
hoods,2
gerbil,2
monument,2
ladder,2
chasing,2
dadll,2
touched,2
fortythree,2
unsupervised,2
dripping,2
vests,2
circus,2
nicotine,2
raisins,2
pope,2
lessons,2
drag,2
urine,2
bravo,2
pawn,2
blank,2
putt,2
wrath,2
charging,2
airport,2
sneakin,2
changing,2
rubbing,2
carried,2
clue,2
audience,2
watchin,2
idiots,2
roofi,2
puked,2
solution,2
bolts,2
cycle,2
ashes,2
discovered,2
luckiest,2
commitment,2
mound,2
noses,2
dweebs,2
randall,2
stunk,2
couples,2
asks,2
runner,2
demonstration,2
practical,2
hollywood,2
contract,2
humiliated,2
eww,2
related,2
helpless,2
dinosaurs,2
forgiveness,2
reminds,2
throwin,2
licks,2
guest,2
wand,2
childlike,2
mission,2
scale,2
ravenous,2
health,2
gifts,2
drug,2
hooker,2
blues,2
hoax,2
marrying,2
finding,2
beggin,2
represents,2
poked,2
tuna,2
kong,2
jukebox,2
jenda,2
cletus,2
vending,2
poured,2
sings,2
newspapers,2
submit,2
etcetera,2
hip,2
suffering,2
blamed,2
readin,2
jolly,2
skiers,2
hurricane,2
parent,2
reverse,2
proper,2
planted,2
replace,2
neil,2
batting,2
climbing,2
puddle,2
mamas,2
hanging,2
bringing,2
insurance,2
myra,2
havin,2
carefree,2
bullying,2
cave,2
harsh,2
upside,2
toottoot,2
grooming,2
rank,2
motocross,2
puke,2
stock,2
sudden,2
urge,2
mcdonalds,2
weekly,2
liquor,2
drum,2
collins,2
phil,2
benefit,2
vulnerable,2
scores,2
triangles,2
allergic,2
selfish,2
replacement,2
candles,2
topic,2
smaller,2
grapes,2
mayo,2
patches,2
gils,2
crab,2
cabbage,2
muscles,2
investigating,2
north,2
weirdoes,2
desert,2
twinkle,2
wheee,2
anniversary,2
flashlight,2
imagine,2
cemetery,2
hanged,2
online,2
shag,2
rec,2
lower,2
paris,2
texan,2
explore,2
dames,2
jumpin,2
slam,2
hogged,2
rabbit,2
upstate,2
laboot,2
transform,2
soaked,2
mole,2
waters,2
makeyourown,2
freezer,2
swears,2
shed,2
lords,2
halfbrother,2
halfsister,2
trigger,2
california,2
cryin,2
happiness,2
caveman,2
wolverine,2
chairs,2
saps,2
magazines,2
crickets,2
labeled,2
pot,2
accent,2
lockers,2
nothings,2
prints,2
dean,2
driver,2
misfit,2
calf,2
mooing,2
bogus,2
leadbased,2
comforting,2
hobby,2
smooching,2
leary,2
monday,2
hawaii,2
balderdash,2
understands,2
woosterfield,2
lipizzaner,2
trail,2
cuckoo,2
crockett,2
davy,2
jar,2
bashir,2
refuse,2
chops,2
familys,2
culture,2
nards,2
kung,2
doorbell,2
plaques,2
spells,2
ovals,2
sheet,2
dropped,2
buns,2
talks,2
angle,2
thomas,2
slate,2
spiderman,2
facebook,2
zack,2
muffin,2
loony,2
butbutbut,2
forest,2
disrespect,2
runin,2
dingdongditch,2
owes,2
jaws,2
shinny,2
based,2
responsibility,2
swiped,2
lowest,2
idol,2
snap,2
apartment,2
neanderthal,2
ugliest,2
link,2
evolve,2
rickshaw,2
pins,2
subway,2
deliver,2
path,2
iron,2
armpit,2
healthy,2
battle,2
satans,2
hyaa,2
neighbor,2
proves,2
bases,2
needing,2
mousecatch,2
eights,2
oatmeal,2
frogs,2
shared,2
officially,2
talents,2
lions,2
apology,2
boom,2
cigarettes,2
rumble,2
triple,2
earn,2
creeps,2
convinced,2
lunches,2
cheech,2
chong,2
twas,2
lucas,2
texting,2
peaches,2
scissors,2
truffle,2
deed,2
middleaged,2
wives,2
liberated,2
riders,2
sticky,2
brotherhood,2
spectacles,2
rubbed,2
hitting,2
fur,2
helluva,2
ninethirty,2
juicy,2
novels,2
author,2
traitor,2
nachos,2
daily,2
hearty,2
shotgun,2
kitten,2
website,2
wisdom,2
googoo,2
electrocuted,2
cracked,2
mirror,2
socalled,2
murderous,2
discuss,2
shoulders,2
lovers,2
braves,2
royalty,2
cram,2
soggy,2
buyin,2
threat,2
meaningless,2
exgirlfriends,2
wrap,2
camping,2
lifting,2
rhyming,2
main,2
height,2
facefart,2
cheering,2
fort,2
bedbugs,2
checklist,2
checking,2
root,2
atop,2
krumbull,2
baking,2
sandwiches,2
strange,2
route,2
bubbling,2
media,2
playground,2
falconry,2
bedpost,2
brings,2
yakety,2
erectus,2
homo,2
hawhaw,2
revolution,2
agony,2
jam,2
trunch,2
feather,2
flabbi,2
highest,2
sail,2
zod,2
profile,2
tagged,2
ignis,2
tentacles,2
complicated,2
touché,2
squawky,2
yikes,2
traveling,2
oof,2
proposal,2
freely,2
dub,2
dukes,2
herman,2
kwikemart,2
untie,2
den,2
defeats,2
obvious,2
jacques,2
founder,2
mutants,2
jumbo,2
perfume,2
dibs,2
hep,2
mmmm,2
squid,2
louise,2
deux,2
pas,2
dans,2
fait,2
pacemaker,2
oliver,2
ooooo,2
selfevident,2
truths,2
washedup,2
apologize,2
shaft,2
recount,1
supermarket,1
gramps,1
topsyturvy,1
aisle,1
blowout,1
casa,1
frail,1
unpleasant,1
ward,1
caspers,1
knocks,1
discount,1
bordello,1
bulletriddled,1
dirk,1
richter,1
handful,1
americanize,1
crowding,1
sympathetic,1
officers,1
glick,1
yaaauuuuggghhh,1
sludge,1
dreamed,1
iodine,1
torch,1
yaaauuuggghhh,1
oughta,1
bustin,1
hump,1
withered,1
waddle,1
friendlylike,1
bartholemew,1
hmp,1
drowsy,1
wham,1
squealers,1
softened,1
allergies,1
hosed,1
mailbox,1
emotional,1
guarantee,1
mailmans,1
rotch,1
badmouth,1
relieved,1
oneoh,1
hotline,1
overpowered,1
anger,1
occasional,1
gesture,1
crematorium,1
grill,1
elvis,1
grammys,1
shiver,1
timbers,1
asylum,1
bedlam,1
downsize,1
fears,1
whoohoo,1
institution,1
taxidermy,1
dose,1
solemnly,1
instinct,1
stiffed,1
looney,1
boil,1
deesa,1
missedta,1
sista,1
aone,1
atwo,1
bedsies,1
backto,1
bowled,1
rudy,1
expenses,1
ruckus,1
cheater,1
permit,1
weary,1
daddlydoodly,1
scrumpdidlyumptious,1
hutch,1
mornin,1
mojo,1
workin,1
glowinthedark,1
badgewearing,1
prizegrabbing,1
envelopes,1
thir,1
drinks,1
mixing,1
crooks,1
supoib,1
hither,1
sly,1
stare,1
strips,1
patrone,1
engaged,1
rumor,1
speculation,1
official,1
walkietalkie,1
walkietalkies,1
shafted,1
losing,1
hornets,1
autographs,1
respectfully,1
returning,1
mattered,1
suspected,1
charade,1
fond,1
rabbis,1
beard,1
dimitri,1
listener,1
defies,1
yiddle,1
forgave,1
krustofsky,1
disguise,1
complimentary,1
pickles,1
babylonian,1
drawn,1
reed,1
rigid,1
supple,1
jesters,1
persecution,1
swinging,1
davis,1
sammy,1
hehjackpot,1
spects,1
fooling,1
slaves,1
smatter,1
aboard,1
brake,1
repay,1
yaahhh,1
twentyeight,1
digger,1
flab,1
refried,1
joystick,1
hyperspace,1
xylon,1
poorly,1
sites,1
threetime,1
brushes,1
wusses,1
copilot,1
nelsonll,1
handles,1
fridge,1
spectators,1
hahahahaha,1
cackling,1
hens,1
jinxed,1
jass,1
backfired,1
smackers,1
oproblem,1
marvelous,1
bun,1
feelgood,1
overcame,1
fortysix,1
merchants,1
services,1
audio,1
compact,1
digital,1
discs,1
recall,1
rosarita,1
toby,1
looter,1
ehhh,1
bartron,1
brotherrr,1
uncalled,1
remove,1
youlater,1
thee,1
vengeful,1
flapping,1
enroll,1
shabby,1
gnaw,1
shave,1
sting,1
whaaat,1
freshest,1
marco,1
sensitive,1
twitch,1
aaah,1
eew,1
millionaires,1
yoyos,1
jammed,1
fourthgrade,1
answered,1
irresistible,1
waxer,1
frenchy,1
gordie,1
dangled,1
needles,1
stabs,1
fortner,1
crocodiles,1
dripper,1
jiggered,1
drifter,1
huhhuh,1
woww,1
cooperative,1
surveillance,1
blatant,1
disregard,1
observed,1
squealing,1
narc,1
donna,1
bub,1
allright,1
pinker,1
dios,1
madre,1
allriight,1
absent,1
elongated,1
identical,1
expulsion,1
limits,1
soundin,1
dogkilling,1
sonsa,1
twobit,1
aaaggghhh,1
cuts,1
ernest,1
desensitized,1
tendons,1
throbbing,1
collecting,1
pappy,1
unhappy,1
amuse,1
cruelty,1
djs,1
profanity,1
shock,1
hambone,1
solo,1
bleuh,1
tray,1
robbery,1
ayecarumba,1
showbiz,1
fiddle,1
weddings,1
hotels,1
western,1
desperate,1
happily,1
silently,1
unaware,1
plucky,1
slowwitted,1
kingdom,1
explained,1
gasfilled,1
hallway,1
suffocate,1
charttopper,1
latest,1
doodle,1
polly,1
wolly,1
uggh,1
conversation,1
precaution,1
recording,1
awhile,1
ottos,1
billiard,1
oversized,1
outlook,1
doubtful,1
dropouts,1
ears,1
toothless,1
victim,1
creating,1
creature,1
halfman,1
halfmonkey,1
shmod,1
skirt,1
nude,1
ladyah,1
carl,1
omar,1
vizquel,1
yastrzemski,1
mickey,1
grossed,1
prude,1
shocking,1
stanky,1
remainder,1
scrape,1
narked,1
carpets,1
controversial,1
eventin,1
sponsor,1
stain,1
chatting,1
creaking,1
emmys,1
montgomery,1
outstanding,1
bilk,1
shysters,1
peeked,1
cyanidetipped,1
nra,1
obliged,1
lala,1
lalalalala,1
dreamt,1
pinch,1
traditional,1
dbac,1
grading,1
nekkid,1
swim,1
cases,1
figuring,1
wrappings,1
aces,1
counselors,1
uptight,1
approval,1
marshmallows,1
smite,1
calculator,1
glaring,1
omissions,1
rapid,1
scorched,1
selfserving,1
chunky,1
trough,1
ehh,1
lend,1
gruel,1
wallets,1
dohkay,1
jivetalking,1
mate,1
oill,1
gulliver,1
slog,1
blanche,1
dubois,1
missus,1
ooop,1
frictionless,1
petroleum,1
swimsuit,1
trim,1
runway,1
triumphant,1
hardest,1
caesars,1
pressures,1
aapple,1
alphabetic,1
popup,1
twentysix,1
zzebra,1
waldo,1
buyers,1
skeletons,1
whitest,1
cullen,1
narz,1
rayburn,1
trebek,1
caldor,1
kresge,1
walmart,1
zabar,1
impaired,1
chuckle,1
dabbling,1
banacek,1
danno,1
kolchak,1
mannix,1
magnum,1
ramses,1
sheik,1
trojan,1
gums,1
sitcoms,1
unpredictable,1
duty,1
yuh,1
spanking,1
entertain,1
dya,1
citizen,1
senior,1
creatures,1
horrors,1
shanty,1
slanty,1
whyyy,1
remedies,1
aaaagh,1
aagh,1
ovaries,1
cries,1
glanced,1
farmer,1
ivanhoe,1
mutated,1
winfields,1
hertz,1
controls,1
yellowest,1
labneh,1
conservative,1
clod,1
goodlookin,1
evergreen,1
terrace,1
outlaw,1
knifewielding,1
chewin,1
bonded,1
licensed,1
rogers,1
domer,1
wallet,1
itsybitsy,1
stout,1
teapot,1
pretties,1
shipped,1
nyahhh,1
biet,1
fiet,1
ziet,1
hasselhoff,1
jaunty,1
lollypop,1
cuter,1
succotash,1
sufferin,1
generation,1
mtv,1
botch,1
spoken,1
monorails,1
mono,1
emasculating,1
gonowhere,1
footsteps,1
yeehawww,1
dent,1
meatball,1
beeramid,1
tipsy,1
bangup,1
mitch,1
piscopo,1
ashman,1
development,1
revoltin,1
savings,1
disrupter,1
lent,1
neural,1
pilot,1
buildup,1
eightyear,1
unprecedented,1
shaddap,1
pepi,1
toms,1
headlock,1
hemophiliac,1
screamed,1
baboon,1
rejecting,1
disguised,1
abie,1
hasta,1
vista,1
arthur,1
unhand,1
yankee,1
athletes,1
peaks,1
investigate,1
soitenly,1
doggone,1
pellet,1
decipher,1
fiendish,1
plaguing,1
wolfe,1
bits,1
gander,1
trailer,1
pads,1
stridex,1
shook,1
steve,1
giddiyup,1
flesheating,1
predictable,1
shampoo,1
checkered,1
decide,1
luster,1
noon,1
volume,1
crystals,1
delightful,1
expelled,1
bootblack,1
boots,1
toot,1
additives,1
educated,1
johnny,1
hundreds,1
ticonderoga,1
baked,1
oprah,1
sensing,1
snakesll,1
vibrations,1
sham,1
whacking,1
temperature,1
hutz,1
sos,1
flushed,1
gabbo,1
gabbos,1
brow,1
bawdy,1
limerick,1
desalinization,1
luke,1
perry,1
bette,1
elizabeth,1
midler,1
taylor,1
bunnies,1
klown,1
album,1
aught,1
dagnabit,1
consarnit,1
grizzled,1
prospector,1
sinatra,1
ditto,1
centurys,1
matlocks,1
lavin,1
linda,1
chimney,1
gus,1
thistle,1
westminster,1
threatened,1
brandishing,1
butcher,1
conferring,1
degree,1
filth,1
homecoming,1
honorary,1
mascot,1
presiding,1
incontinent,1
colorful,1
goop,1
images,1
lifeless,1
rendered,1
gruesome,1
portals,1
beast,1
diabolical,1
foul,1
refer,1
stalk,1
subject,1
vicious,1
dmfl,1
entitledthe,1
exhibit,1
ghoul,1
ghoulish,1
annapolis,1
maryland,1
visits,1
poses,1
fiery,1
gremlin,1
eyahh,1
believes,1
trustworthy,1
gremlins,1
loosening,1
absence,1
uneventful,1
curlers,1
homina,1
makeover,1
infernal,1
yap,1
observe,1
rudiger,1
comedian,1
patented,1
spitting,1
copycat,1
skateboards,1
wannabes,1
exploded,1
thataway,1
squisheebender,1
camper,1
recruitment,1
wandered,1
weasel,1
woe,1
responsibilities,1
alternative,1
spork,1
cruddy,1
wimps,1
sheetbend,1
squat,1
tautline,1
knowitknow,1
neddy,1
planing,1
flare,1
rescue,1
oka,1
confidence,1
hamburgers,1
indistinguishable,1
mere,1
narrower,1
therein,1
blurry,1
loverly,1
noggin,1
peepers,1
martinis,1
impersonator,1
portable,1
wave,1
hightech,1
rapmaster,1
jawohl,1
mein,1
mommandant,1
hellhole,1
shackles,1
soulcrushing,1
polish,1
pulitzer,1
machinery,1
eyeballs,1
popped,1
estranged,1
reunited,1
comeback,1
hankie,1
doublecorrugated,1
eightfold,1
fourteengauge,1
obnoxious,1
intelligent,1
rainforest,1
yargghh,1
repetitive,1
repetitiveness,1
woozle,1
wozzle,1
cruel,1
brickymart,1
march,1
blabbermouth,1
hortense,1
mulefaced,1
wendy,1
windbag,1
garbageface,1
launch,1
closeups,1
ernie,1
marty,1
tempting,1
bark,1
giraffe,1
technically,1
jokers,1
ivory,1
roads,1
atta,1
kurns,1
bleached,1
bottomless,1
floors,1
hedge,1
moat,1
intents,1
purposes,1
peas,1
loafs,1
nurtures,1
suffocating,1
flowers,1
blazer,1
ungrateful,1
argh,1
potatoes,1
mankind,1
plagued,1
riddle,1
coinfadince,1
mufft,1
skim,1
insisted,1
inspection,1
commanding,1
chalmie,1
imprison,1
huck,1
lincon,1
joys,1
mortgaging,1
fantasys,1
bridgework,1
caraway,1
hooky,1
non,1
bartbart,1
nephews,1
krispy,1
hoit,1
quimbys,1
closed,1
funnies,1
witnesses,1
compound,1
waiter,1
whacked,1
testimony,1
bulow,1
bench,1
cucumber,1
hallmark,1
shshould,1
powder,1
smecklers,1
clumsiness,1
breast,1
inspectors,1
ogle,1
visa,1
viza,1
animation,1
mustard,1
sensible,1
stern,1
reply,1
changers,1
dome,1
mccool,1
milbot,1
zorrinid,1
bathing,1
snatched,1
stow,1
wellwishers,1
yaaarrrgg,1
traitors,1
acquainted,1
bombs,1
loosen,1
miners,1
progress,1
festival,1
informed,1
optics,1
hippies,1
peer,1
seamy,1
underbelly,1
noo,1
makin,1
kippers,1
letslets,1
replied,1
swivens,1
trapped,1
murdering,1
distinctly,1
maude,1
backyard,1
downright,1
earshot,1
fewer,1
fibers,1
moral,1
bean,1
feds,1
whereabouts,1
bartesque,1
devious,1
underhanded,1
nether,1
regions,1
relatively,1
soaking,1
splashback,1
sabotage,1
hosesoaking,1
primed,1
diversion,1
shining,1
caholic,1
mindy,1
heartbreak,1
wounds,1
flickeys,1
beneficial,1
pus,1
cheeseburger,1
ordering,1
violent,1
personalized,1
barclay,1
bert,1
klu,1
klux,1
shortlived,1
cone,1
mortal,1
projects,1
beardo,1
foureyes,1
kindergarten,1
flintstone,1
heyyy,1
edgar,1
neubauer,1
republican,1
risen,1
voting,1
barlows,1
lackey,1
cher,1
hedgemaze,1
haggis,1
shinning,1
unquestioned,1
desks,1
confident,1
nevertheless,1
remain,1
cowdorks,1
killmatic,1
incredibly,1
overbite,1
considering,1
behaving,1
chestal,1
pleasing,1
relief,1
tensed,1
unnecessary,1
counts,1
fuse,1
plain,1
spirals,1
steep,1
maintains,1
nothins,1
dud,1
treatin,1
fixing,1
siren,1
disturbing,1
treating,1
accusations,1
taunts,1
townspeople,1
mastermind,1
difficult,1
naïve,1
wiser,1
rate,1
waitll,1
impressionable,1
meteorologist,1
unseasonable,1
warmth,1
ssssimpson,1
adulation,1
showin,1
civilized,1
rivalries,1
inhuman,1
canicome,1
canicometothecandyshowcanicome,1
condemned,1
criminals,1
disemboweler,1
ggaah,1
waaaay,1
deposit,1
coppertone,1
raising,1
oneeighth,1
cccan,1
huge,1
fashion,1
individuals,1
paranormal,1
phenomena,1
secretive,1
unexplainable,1
correspondence,1
spaceology,1
tampa,1
painfully,1
paving,1
saucer,1
simplest,1
overparenting,1
underparenting,1
seated,1
specifically,1
assassination,1
kennedy,1
selfhypnosis,1
fjord,1
seepy,1
pinmonkey,1
genetics,1
hurrah,1
weather,1
fourthirty,1
generator,1
port,1
observatory,1
beginning,1
comet,1
bicycle,1
everyday,1
expected,1
prat,1
sacrilege,1
chachi,1
doubted,1
lovely,1
striking,1
burt,1
payroll,1
stanton,1
pasty,1
spinning,1
argentina,1
randmcnally,1
commission,1
drainage,1
international,1
malfunctioning,1
whatnot,1
draining,1
yello,1
dingo,1
australian,1
misrepresentation,1
indicted,1
rumors,1
spoke,1
signs,1
yuhoh,1
pouches,1
liiiiisa,1
bend,1
destiny,1
resent,1
understanding,1
dancin,1
ballets,1
boris,1
sissies,1
outfit,1
platoon,1
balletand,1
increasing,1
movement,1
twinkling,1
arabesque,1
demientrechant,1
dang,1
masked,1
acclaim,1
tourists,1
casas,1
cheezu,1
cineastas,1
mapa,1
mapu,1
noh,1
stah,1
topu,1
appears,1
dutchmans,1
valley,1
devised,1
struggle,1
crossover,1
mcgyver,1
faires,1
renaissance,1
aggression,1
cubes,1
promote,1
hughs,1
commentary,1
energetic,1
strobe,1
greyhound,1
triplet,1
twentythree,1
agh,1
coordinate,1
catchy,1
brittle,1
malk,1
wontons,1
fold,1
portapotty,1
strikemakegolonger,1
hive,1
juh,1
customers,1
insolvent,1
horrifying,1
nurse,1
moppin,1
turf,1
exploit,1
zuh,1
negotiating,1
percodan,1
accountable,1
wicked,1
cheeks,1
suspects,1
fees,1
tadaa,1
puny,1
clipper,1
evictions,1
pictured,1
sightings,1
backbone,1
economy,1
rivers,1
todds,1
directly,1
data,1
omega,1
shelbyvillians,1
curse,1
devils,1
handsome,1
ayeis,1
bluffs,1
amongst,1
packs,1
attractive,1
cousin,1
exit,1
maneating,1
rooms,1
adrians,1
vee,1
lemonshaped,1
raid,1
shorrrrrrrts,1
reeks,1
approve,1
unfeasible,1
wahw,1
boostafazoo,1
positive,1
candle,1
imitation,1
spelled,1
subtle,1
radiation,1
dialogue,1
muddle,1
practicing,1
discontent,1
stallions,1
goddess,1
opportunity,1
weeelll,1
crushed,1
patriotic,1
dammes,1
dogooders,1
extent,1
lesser,1
pitiful,1
rampant,1
results,1
schwarzeneggers,1
stallones,1
spanning,1
glamour,1
gmornin,1
lice,1
baptismal,1
confetti,1
strewn,1
chummmmmp,1
gullible,1
sponges,1
fourfifty,1
decency,1
event,1
sales,1
uppity,1
automatic,1
neruda,1
pablo,1
grandmother,1
proposition,1
pogs,1
weirdos,1
crappycrapcrap,1
broiler,1
baaaad,1
dunkin,1
sausages,1
chubsyubsy,1
disappeared,1
janitor,1
mysteriously,1
raked,1
weirdest,1
showdown,1
lawnboy,1
willies,1
reincarnated,1
cautiously,1
collapsed,1
optimistic,1
snag,1
nick,1
milkshakes,1
elements,1
tarragon,1
nontoxic,1
comp,1
lardo,1
workmans,1
rag,1
technician,1
ironic,1
prevented,1
toxic,1
heah,1
ith,1
whuth,1
birthdays,1
cardsat,1
easters,1
kwaanzas,1
noshow,1
penalties,1
seventyfive,1
mae,1
muddy,1
groovy,1
brine,1
engines,1
rare,1
airtonerd,1
launching,1
missile,1
sighted,1
unfurnished,1
binding,1
doublecrossed,1
daaadd,1
hellllp,1
skimmers,1
impulses,1
tangible,1
yeow,1
maggina,1
spunky,1
ahhhh,1
explorer,1
undersea,1
briny,1
cloth,1
elusive,1
warning,1
wily,1
formula,1
result,1
ninetynine,1
eexcuse,1
capiche,1
answering,1
lucked,1
smiling,1
trynsave,1
allegations,1
badabing,1
badaboom,1
assel,1
forevertype,1
adler,1
sherry,1
burke,1
snowman,1
moommm,1
yeahhh,1
omigod,1
foldin,1
insert,1
ironon,1
uniforms,1
littering,1
housell,1
former,1
goons,1
whack,1
century,1
twentieth,1
grumpy,1
husbands,1
begged,1
blowback,1
diner,1
fifties,1
sharper,1
knockoffs,1
raspberries,1
large,1
towels,1
fabulous,1
pose,1
tacomat,1
account,1
customized,1
flipbook,1
hindenberg,1
coooool,1
hancock,1
postdated,1
fuss,1
monthly,1
muss,1
statement,1
aannnnd,1
cayman,1
corky,1
corporation,1
offshore,1
closes,1
allllright,1
buckets,1
bellows,1
rory,1
superfluous,1
brighten,1
depend,1
phonies,1
wholl,1
educators,1
respected,1
goldbrick,1
cracking,1
manhattan,1
afoul,1
irishman,1
invent,1
rescues,1
cot,1
radon,1
studios,1
basis,1
contingency,1
waitwaitwaitwaitwait,1
trial,1
lampwick,1
ranks,1
moneys,1
finance,1
unsettling,1
leather,1
muppet,1
advocate,1
contains,1
blocking,1
compliment,1
nerding,1
airtight,1
liberty,1
preparing,1
utterly,1
dorkus,1
latin,1
malorkus,1
milton,1
disneyworld,1
knoxville,1
branson,1
missouri,1
fir,1
wod,1
happenedso,1
nide,1
shì,1
yánjing,1
zhè,1
courier,1
ssshh,1
wrinkly,1
bossed,1
mmmhmm,1
richest,1
coulda,1
asa,1
griff,1
woooow,1
consarn,1
embarrassed,1
denying,1
broad,1
citizenship,1
studyin,1
authenticator,1
rastafarian,1
exploring,1
teenagers,1
boxers,1
briefs,1
powerfully,1
uncool,1
dignity,1
becky,1
fidgeting,1
scrodbasket,1
editor,1
impressed,1
copying,1
rightfully,1
buccaroo,1
attic,1
unsold,1
hugo,1
wwwhat,1
conduct,1
goo,1
gah,1
microjerks,1
flush,1
rummy,1
amd,1
jawwy,1
wintim,1
wirt,1
slower,1
collectibles,1
secretariat,1
arsonists,1
jackets,1
mittens,1
pinned,1
remedial,1
surrounded,1
compass,1
matches,1
pantsretaining,1
radonslashlie,1
signals,1
snare,1
sphygmomanometer,1
squirrel,1
tactical,1
cord,1
evasive,1
amnesia,1
hitchhiker,1
pointing,1
permits,1
zoning,1
gow,1
jong,1
pai,1
quang,1
angels,1
wussies,1
succees,1
succes,1
doilies,1
dustin,1
rundown,1
grossly,1
misinformed,1
witches,1
bras,1
greet,1
colonies,1
nudist,1
adam,1
bookkeepers,1
leaf,1
bookkeeping,1
belle,1
neater,1
ritz,1
coating,1
nonstick,1
gladiators,1
pyro,1
clippers,1
toenail,1
appalled,1
mailtamperer,1
valuables,1
cbss,1
craporama,1
fridays,1
mustsee,1
nbcs,1
thursday,1
crackpot,1
leonard,1
nimoy,1
glowing,1
wooo,1
injuring,1
pretzels,1
publicity,1
whitey,1
teamwork,1
tolerance,1
snowflakes,1
specials,1
liquid,1
ewwwwww,1
nanny,1
treacle,1
moider,1
hotshot,1
fawkes,1
bobbins,1
shary,1
boozehound,1
ingredient,1
whippin,1
adding,1
recorder,1
stardom,1
basics,1
superbarto,1
aannd,1
majeure,1
refunds,1
pogo,1
stilts,1
collects,1
mill,1
kickin,1
hardened,1
unstoppable,1
reformed,1
rummage,1
concrete,1
invoices,1
hink,1
crude,1
affiliated,1
classy,1
injustice,1
outrage,1
thirtyeight,1
lima,1
gagagoogoo,1
bib,1
skimp,1
vinegar,1
nonviolent,1
ohhhhh,1
dislocated,1
yah,1
fixed,1
preserve,1
horns,1
ahooga,1
notre,1
seamus,1
yew,1
coupla,1
bonanza,1
regroup,1
gravestone,1
landfill,1
stills,1
houdini,1
oysters,1
playhouse,1
pushing,1
scoring,1
stunned,1
krabby,1
zap,1
moneybank,1
occupant,1
preapproved,1
income,1
lessee,1
occupation,1
zebra,1
zillionaire,1
zoidzilla,1
hardbound,1
salmon,1
smoked,1
vancouver,1
collegebound,1
stayalert,1
cookware,1
beverly,1
sills,1
albda,1
bred,1
collie,1
crowning,1
dogmakers,1
fong,1
jonas,1
backflip,1
recollection,1
perform,1
hullo,1
repo,1
committed,1
laddies,1
halper,1
repossess,1
crucify,1
sprinkles,1
swipe,1
maypole,1
strutting,1
recycling,1
delivering,1
wacky,1
nickel,1
gras,1
mardi,1
hitchhike,1
freakouts,1
surrender,1
mockery,1
froze,1
knot,1
knottier,1
knottying,1
quitting,1
tying,1
shoelaces,1
secretly,1
sockmaker,1
yaargh,1
additional,1
combat,1
forms,1
unarmed,1
countrys,1
immigrants,1
subscription,1
woooooow,1
theory,1
identity,1
armin,1
forged,1
sgt,1
impostor,1
blossoms,1
stench,1
warner,1
disastrous,1
farrow,1
mia,1
bio,1
nameo,1
ful,1
public,1
einstein,1
uhl,1
superfly,1
humongous,1
meeeee,1
imposter,1
overgrown,1
mustdroppantaloons,1
paella,1
uhmm,1
foothold,1
fudgecicle,1
marksman,1
coinoperated,1
clobberin,1
carryin,1
yahh,1
reeked,1
namath,1
pointers,1
bums,1
ticked,1
followup,1
castrati,1
tradition,1
raffle,1
motorboat,1
bluey,1
baaaannk,1
lumber,1
craptacular,1
deduction,1
handmade,1
hocuspocus,1
mucuspukus,1
possiblyyy,1
headstart,1
lotsa,1
owww,1
fin,1
infernobuster,1
including,1
convict,1
sack,1
striped,1
covering,1
destroyed,1
pumpkins,1
washcloth,1
joshua,1
logans,1
les,1
miserables,1
singings,1
millhouse,1
prance,1
pendulum,1
advisement,1
lawn,1
weeds,1
provides,1
santy,1
simulator,1
yardwork,1
chipper,1
fuehrerrific,1
activate,1
thrower,1
moogie,1
rings,1
ronex,1
trolley,1
highpockets,1
spud,1
sharky,1
outwitted,1
championship,1
lettin,1
arriving,1
teams,1
daytoday,1
havoc,1
wreak,1
robes,1
ththe,1
inyourface,1
floods,1
kneehigh,1
cite,1
lighten,1
amount,1
uhhum,1
contrasts,1
maize,1
odor,1
cursing,1
robinson,1
stranded,1
regale,1
nintendo,1
feast,1
mangoes,1
monsoon,1
deathhole,1
shelter,1
swum,1
debate,1
existence,1
prosecutor,1
deliberation,1
verdict,1
vine,1
tusk,1
sandals,1
leno,1
salesman,1
lined,1
prince,1
plotz,1
towards,1
krustee,1
yyou,1
pew,1
posters,1
eyewash,1
tamper,1
krrrusty,1
stylings,1
shill,1
carton,1
smokes,1
fortyfive,1
neat,1
napkin,1
researched,1
enh,1
skate,1
whoaho,1
firecrackers,1
stinkbombs,1
densely,1
layered,1
doofus,1
paired,1
leprechaun,1
pan,1
lamewad,1
moderately,1
jug,1
lonesome,1
mobster,1
stony,1
ghosts,1
braver,1
momma,1
newlyweds,1
reset,1
morningwood,1
penitentiary,1
torpedo,1
earrings,1
pierced,1
reap,1
handy,1
cobra,1
plutonium,1
weaponsgrade,1
ratboy,1
trillion,1
octopussy,1
dodgeball,1
doggy,1
anticipated,1
continued,1
disqualification,1
domination,1
fightsthe,1
highly,1
largo,1
skins,1
bleach,1
reverses,1
jughead,1
reversed,1
pond,1
flagpole,1
flags,1
jordache,1
pawned,1
purists,1
salute,1
recognition,1
truly,1
sealant,1
backbreaking,1
labor,1
abandon,1
bravely,1
odds,1
arrived,1
mattresses,1
cruelly,1
furious,1
simp,1
gaaah,1
brussel,1
sprouts,1
abs,1
buffed,1
grate,1
wowwww,1
competitive,1
risking,1
chopchop,1
vertical,1
impunity,1
weekday,1
barneys,1
rookie,1
accessory,1
glued,1
egyptian,1
guide,1
thang,1
cameos,1
crowns,1
doubloons,1
scepters,1
wands,1
jewelencrusted,1
motherlode,1
lifes,1
pokes,1
fryer,1
dreamin,1
emptied,1
traps,1
excited,1
heavyweight,1
partll,1
smugglers,1
spank,1
gangway,1
sells,1
swearing,1
chart,1
museums,1
maestro,1
stinkin,1
sophisticated,1
comb,1
mustache,1
inchworms,1
crooked,1
yyour,1
lyin,1
watt,1
regurgitation,1
poptarts,1
funkylookin,1
ixo,1
therefore,1
hatched,1
coldblooded,1
eggmurderers,1
whoaaa,1
itchys,1
argument,1
bizarre,1
ken,1
starr,1
whooa,1
hillbilly,1
jacuzzi,1
parasailing,1
alec,1
baldwin,1
regarding,1
selfrighteous,1
communion,1
wafers,1
elsewhere,1
snippy,1
credibility,1
sup,1
latex,1
mostly,1
boycotted,1
willows,1
winwin,1
gunfights,1
squadron,1
tickling,1
swarm,1
snack,1
stewing,1
implosion,1
mesquite,1
snuck,1
jaw,1
support,1
adultery,1
shortage,1
primetime,1
opinions,1
broadcast,1
entitled,1
interrupt,1
presentation,1
tonights,1
constable,1
controltop,1
pantyhose,1
schoolmistress,1
lifted,1
revealing,1
klink,1
nfls,1
surviving,1
catching,1
marino,1
whiny,1
distract,1
digestive,1
cheerleadertype,1
discreet,1
hmhmhm,1
mayortype,1
openminded,1
personals,1
seeks,1
seeking,1
suction,1
fatal,1
gridlock,1
creams,1
whoooa,1
fonzie,1
duties,1
fulfill,1
unable,1
squeak,1
clobbered,1
pranksters,1
eavesdropping,1
serves,1
pounded,1
insult,1
pace,1
savoring,1
trucker,1
reds,1
mantis,1
jester,1
methuselah,1
smote,1
smoted,1
biblical,1
trusty,1
possess,1
slayin,1
jonah,1
stunts,1
arrogant,1
humble,1
heartburn,1
anyhoo,1
rejoice,1
attracted,1
flunkin,1
grizzlies,1
germany,1
poland,1
missin,1
audiences,1
representatives,1
ewwww,1
yahhh,1
nurses,1
foghorn,1
guitars,1
liven,1
motorcycles,1
rockin,1
eagle,1
subs,1
foolish,1
limbo,1
harness,1
hiyo,1
jerry,1
rude,1
heights,1
jellyspoons,1
ladles,1
yeeha,1
transylvania,1
waitress,1
causes,1
seizures,1
yen,1
allen,1
woody,1
purify,1
arranging,1
meditation,1
origami,1
inkling,1
japan,1
kentucky,1
seas,1
whalefree,1
betcha,1
gibson,1
yeeehawww,1
flamboyant,1
testicles,1
claritin,1
beam,1
concentrated,1
buckner,1
laundromats,1
dumpty,1
humpty,1
hangers,1
electronic,1
draws,1
fillings,1
blazing,1
focusyn,1
outwit,1
caesar,1
monitoring,1
mcgwire,1
mouthful,1
fiddlin,1
poppin,1
ritalin,1
sailin,1
newspaper,1
headline,1
pudding,1
cable,1
xrays,1
hothothot,1
annoy,1
clobber,1
xena,1
krustyyyyyy,1
exodus,1
selected,1
hawking,1
kwan,1
mccartney,1
michelle,1
ninjas,1
blowhard,1
outhouse,1
tractory,1
lassie,1
juiciest,1
tasted,1
watermelon,1
planting,1
krustyburger,1
skipping,1
bleh,1
addictive,1
refreshingly,1
columbus,1
octuplets,1
cords,1
umbilical,1
venom,1
bending,1
kickstand,1
leavein,1
hides,1
thighs,1
buttbones,1
tah,1
hopital,1
daytime,1
estupido,1
muy,1
sixthgrade,1
firepower,1
ironing,1
alls,1
spaz,1
coleman,1
galaxy,1
prawns,1
converter,1
lowerbackpain,1
playtime,1
thus,1
cloning,1
troubling,1
goodwill,1
pitchback,1
skiing,1
rocking,1
dookie,1
revert,1
stomp,1
dishesll,1
supervise,1
unraveled,1
aerosmith,1
leprosy,1
aahhh,1
bearded,1
lepers,1
hawaiian,1
fence,1
med,1
normals,1
sores,1
budge,1
faiths,1
revival,1
dances,1
scuse,1
prestochango,1
repentance,1
coverage,1
ralphie,1
whirl,1
expand,1
mumbojumbo,1
clouds,1
lasers,1
taebo,1
neuter,1
tabouleh,1
cure,1
magically,1
unser,1
sleaze,1
diving,1
hire,1
trainer,1
duncans,1
intimidated,1
baditude,1
latitude,1
stud,1
racetrack,1
adapt,1
babcock,1
surprisingly,1
cheers,1
blaster,1
grahams,1
cheered,1
pbs,1
cheeky,1
bats,1
cricket,1
hagar,1
licking,1
toads,1
parlor,1
steaks,1
amused,1
easily,1
ridin,1
underage,1
gamble,1
mystic,1
sears,1
lawsuit,1
pays,1
oversalted,1
mooch,1
prob,1
nonhover,1
amp,1
hock,1
loanski,1
layin,1
presidentelect,1
yall,1
buffet,1
capn,1
daquiritaville,1
uncoolly,1
moochiemoochie,1
presidents,1
fifteenninetysix,1
fifteenninetyeight,1
sixteen,1
copresident,1
marathon,1
salary,1
sue,1
demo,1
buttons,1
adjustments,1
refund,1
hike,1
daylight,1
wanta,1
dorksylvania,1
greenspan,1
skinnydip,1
buckle,1
clintons,1
porno,1
stash,1
coolness,1
carters,1
collectors,1
debt,1
hans,1
surly,1
temp,1
mailboxes,1
legalize,1
tasty,1
tuneskis,1
include,1
blanky,1
celebrities,1
playdoh,1
laughingstock,1
oncouch,1
militia,1
betting,1
chunks,1
broom,1
tenthgrade,1
whittling,1
yuk,1
rushmore,1
remembering,1
tminus,1
averted,1
bellies,1
mosquitoes,1
scurrying,1
lumberjacks,1
traffic,1
innocently,1
twoton,1
wicker,1
footage,1
gorging,1
kills,1
gouges,1
margie,1
sidewalk,1
tackling,1
endless,1
slogans,1
parachute,1
originally,1
volunteered,1
fairweather,1
teen,1
gonuts,1
musically,1
mature,1
esposito,1
muscle,1
awareness,1
microsecond,1
presenter,1
dunce,1
orphans,1
gingerbread,1
horribly,1
snorky,1
dolphins,1
approaching,1
roommate,1
woodpecker,1
testcorpse,1
sash,1
disc,1
chloroform,1
trashin,1
ishmael,1
moby,1
programming,1
twofiftytwo,1
gamestation,1
gots,1
doers,1
donters,1
jesse,1
education,1
buckled,1
krabappels,1
breed,1
supercreature,1
jupiter,1
neptune,1
pluto,1
saturn,1
rehearse,1
suspended,1
switchblade,1
hyderabad,1
royal,1
interventions,1
balancing,1
brillstein,1
wigger,1
albany,1
lingo,1
balance,1
grifting,1
fleecin,1
fee,1
grifter,1
carjacking,1
bushy,1
daaad,1
setup,1
watson,1
buttresses,1
cinch,1
fussiness,1
reign,1
caked,1
fumes,1
tombs,1
cramp,1
mixer,1
spinner,1
underachiever,1
melting,1
snows,1
japanimation,1
tempura,1
transformazoid,1
downstairs,1
bribe,1
exercises,1
unkinked,1
spree,1
jags,1
stuffs,1
bloodzilla,1
tippytoes,1
supergirls,1
unstick,1
barking,1
marking,1
crafters,1
lens,1
nests,1
shhhh,1
godfather,1
curve,1
foxy,1
tournament,1
decision,1
klassic,1
guillotine,1
teammate,1
superpsych,1
dumping,1
andre,1
serena,1
nutsy,1
announcer,1
tangle,1
winna,1
lovea,1
alla,1
grazie,1
musics,1
posse,1
boastful,1
bfn,1
taser,1
reenlist,1
ballwalk,1
lts,1
chillout,1
lego,1
blocko,1
teetertotter,1
uhohbohboh,1
kilimanjaro,1
bananas,1
condemn,1
burlap,1
crackers,1
froglaunchers,1
mommas,1
tijuana,1
weeping,1
blowfish,1
hootie,1
purchasing,1
intrigued,1
sorted,1
storytime,1
compels,1
neglect,1
heartstrings,1
teamsters,1
beerdrinking,1
meanie,1
gambles,1
meteor,1
pierce,1
abracaturnintoaprinceguy,1
godlike,1
defend,1
shazbot,1
undone,1
aiyeeee,1
fig,1
paste,1
saltines,1
wiggums,1
hula,1
snyder,1
roy,1
ropeadope,1
terrors,1
steeple,1
pluses,1
latchkey,1
whiteys,1
thankful,1
choir,1
preachin,1
persontoperson,1
methodist,1
chaching,1
thirteen,1
lid,1
caroling,1
taffy,1
skunk,1
sprayed,1
gabriel,1
bitter,1
crapped,1
laziest,1
gobs,1
prostitute,1
grossedout,1
seaweed,1
objections,1
imitate,1
substitute,1
cheney,1
pedals,1
ooooh,1
approach,1
checked,1
rigging,1
dongs,1
ramalam,1
jack,1
hoho,1
perot,1
qtip,1
ross,1
thumb,1
convenience,1
geographical,1
ohho,1
blowing,1
breezy,1
breakup,1
examples,1
spain,1
birthplace,1
shaffer,1
wolfcastles,1
production,1
unit,1
shinier,1
fourlegged,1
hiya,1
confirm,1
climbed,1
steakhouse,1
lunchbox,1
mettal,1
lassoed,1
mosey,1
wantin,1
showdowns,1
adorable,1
grotesque,1
anew,1
firefighters,1
spice,1
bringdown,1
buzzkillers,1
suitor,1
bochco,1
shakespeares,1
superwriters,1
claudius,1
niagular,1
smoldering,1
continent,1
fluent,1
spanish,1
estudiar,1
horas,1
mujer,1
nada,1
tonta,1
veinte,1
chiquita,1
copacabana,1
rio,1
ronaldo,1
saxophone,1
critic,1
toughest,1
marvel,1
composite,1
knowitall,1
weeklong,1
stan,1
cyberspace,1
nabisco,1
association,1
goodman,1
angrier,1
bubbles,1
shares,1
cancelled,1
stayed,1
ganeesh,1
nostalgia,1
krustysaurus,1
laffy,1
contagious,1
outrageous,1
sphere,1
glow,1
shimmer,1
sunset,1
suuuuck,1
talked,1
looters,1
incite,1
baaack,1
kiiiss,1
neeed,1
calfs,1
tail,1
youse,1
towed,1
stranglings,1
irs,1
sixnetwork,1
suckling,1
teat,1
fortnight,1
carlsbad,1
caverns,1
roosters,1
mmhm,1
brunswick,1
nova,1
ontario,1
provinces,1
quebec,1
scotia,1
solely,1
canadas,1
governors,1
marvins,1
valet,1
copacetic,1
bcbcaabbccdfalsefalsetruewilliam,1
bryan,1
jennings,1
kyle,1
buggy,1
volkswagen,1
goofball,1
banner,1
bailey,1
haha,1
smartest,1
blair,1
circle,1
recognize,1
nerdy,1
sabotaged,1
sawed,1
gypsies,1
idling,1
velderschmoink,1
uncomfortable,1
lands,1
doorman,1
mogumbo,1
rogue,1
stampys,1
promising,1
holmes,1
shacks,1
backpacker,1
national,1
shaving,1
jeff,1
mutt,1
mum,1
float,1
accustomed,1
merlin,1
britain,1
cordiale,1
entente,1
formed,1
algebra,1
distractions,1
equations,1
teenage,1
chestnut,1
november,1
gummy,1
entertaining,1
nominate,1
dedication,1
ceremony,1
nominated,1
orlando,1
pro,1
hhhuh,1
wuwhaat,1
wwwuh,1
arguments,1
slacks,1
crotches,1
chopping,1
swordcane,1
fudged,1
huggies,1
advise,1
shutin,1
giraffealo,1
janeane,1
szechwan,1
cowgirls,1
shegles,1
anythings,1
outreach,1
adjusted,1
carving,1
earned,1
disrespects,1
treats,1
burnham,1
dunnit,1
hackey,1
haggle,1
luvum,1
emancipated,1
loft,1
permanent,1
marker,1
imim,1
skateboarding,1
adjust,1
syringe,1
skewed,1
clipons,1
transplant,1
veins,1
wank,1
imp,1
imply,1
acerose,1
gameboy,1
boytoy,1
sara,1
sloane,1
kebabs,1
plankton,1
immigration,1
fundraiser,1
congressman,1
freemail,1
privilege,1
canary,1
expos,1
montreal,1
ohka,1
tomokaz,1
nearly,1
ysee,1
skinnerinashreddercom,1
steals,1
harvested,1
gandhi,1
intervention,1
pictionary,1
repress,1
iamatdisneyland,1
doors,1
earliest,1
colonial,1
denzel,1
ranch,1
upsies,1
crabby,1
hayes,1
bunks,1
dontreallycarejustterriblycaughtupinmoment,1
usedta,1
beavers,1
bucktoothed,1
secretary,1
scope,1
female,1
lumberyard,1
bumblebeeman,1
cassock,1
overworked,1
duffman,1
mcduff,1
suds,1
peruvian,1
records,1
flys,1
beverage,1
fortyyearold,1
custard,1
tribe,1
mohican,1
cleaned,1
smother,1
unpoisoned,1
clods,1
candys,1
hussy,1
thieving,1
acceptance,1
berry,1
halle,1
evel,1
hearst,1
knievel,1
rhoda,1
ads,1
barbera,1
hanna,1
restart,1
affected,1
scapegoat,1
aaand,1
sidebar,1
evade,1
coffin,1
sarcastic,1
sincere,1
extracurricular,1
tango,1
begin,1
diego,1
drunken,1
shadowski,1
ladybug,1
doeuvres,1
hors,1
doorags,1
whitewash,1
bony,1
toyota,1
greeting,1
lowlifes,1
fork,1
teabag,1
jab,1
lads,1
poke,1
queue,1
tuppence,1
sprawlmart,1
jaclyn,1
pour,1
mincing,1
antibear,1
available,1
technology,1
kickass,1
legally,1
beeping,1
tracker,1
ignite,1
sparks,1
crossword,1
puzzle,1
clapping,1
stranglehold,1
blasting,1
oregon,1
salem,1
educational,1
milkin,1
attempt,1
frenzy,1
ogay,1
ongwray,1
otnay,1
ouldcay,1
utwhay,1
ywhay,1
pretzel,1
cinnamon,1
visionary,1
pointer,1
bulletproof,1
corps,1
decal,1
marine,1
rubon,1
tassels,1
motomimic,1
tenspeed,1
automatically,1
mercedes,1
outlive,1
workmanship,1
unicycle,1
mechanical,1
laps,1
pounding,1
mallet,1
frinks,1
studying,1
strongest,1
moan,1
sluggish,1
fought,1
provider,1
risked,1
sole,1
disappear,1
summers,1
phds,1
taunt,1
assistant,1
professorship,1
university,1
defibrillate,1
circles,1
scalp,1
imaginary,1
tutu,1
checkers,1
moldilocks,1
geronimo,1
arrowheads,1
pickin,1
carpenter,1
senses,1
swung,1
mymy,1
nozzle,1
added,1
plot,1
stretched,1
wildebeest,1
refresh,1
musky,1
johnnys,1
payback,1
boomer,1
diz,1
ninetyfive,1
agencies,1
amendments,1
farkbot,1
regulatory,1
breads,1
hurting,1
scrambled,1
bullhonky,1
flatware,1
iill,1
native,1
brochure,1
lollipops,1
moonlight,1
guards,1
wizzle,1
scrunchie,1
shoplift,1
gina,1
ickypants,1
fullblown,1
handcuffs,1
split,1
eyeball,1
skank,1
catcher,1
kickball,1
signaland,1
hooked,1
skinfish,1
denied,1
thatd,1
pleeeeeeeease,1
uhpleeeeeeeease,1
bimon,1
scifi,1
catwoman,1
liquids,1
ordnancethen,1
select,1
flick,1
witchs,1
wiccas,1
crapshack,1
widows,1
bandaids,1
ditching,1
miami,1
atlantic,1
citybut,1
lowfat,1
tissue,1
zinged,1
placesetting,1
tamale,1
smudged,1
unload,1
beware,1
evildoers,1
friendly,1
finishes,1
shots,1
poodle,1
pushin,1
appropriate,1
kissin,1
tippin,1
hots,1
captains,1
inoculator,1
toenails,1
hearings,1
nash,1
overseas,1
prizes,1
subscriptions,1
sob,1
standin,1
mightier,1
playdudes,1
hubbub,1
abzug,1
bella,1
congresswoman,1
orgies,1
advisor,1
layover,1
stewardess,1
outtasight,1
debonair,1
mort,1
sahl,1
quip,1
ringadingdingers,1
caan,1
james,1
bachelors,1
canned,1
juices,1
tomatoes,1
hifis,1
mailer,1
norman,1
spreadin,1
watermark,1
legit,1
partee,1
bartys,1
thunderthighs,1
deadbolts,1
streisand,1
bruises,1
dollahs,1
fathah,1
mayah,1
cushioning,1
lava,1
novel,1
unfinished,1
twist,1
umhuh,1
dip,1
donation,1
gossamer,1
bloodkill,1
icy,1
cyborgs,1
duopoly,1
parchoosey,1
putty,1
rhinos,1
spirogram,1
crisis,1
midlife,1
umhmm,1
expresses,1
sassy,1
protection,1
gags,1
gooses,1
bills,1
gladwell,1
kindest,1
sweetest,1
mule,1
tommy,1
virginia,1
fatwad,1
antonio,1
skulls,1
magdalene,1
alcatraaaz,1
unpopular,1
dissin,1
representin,1
krustywusty,1
carcinogenic,1
hypocrite,1
pray,1
remorse,1
supersized,1
trace,1
pimpedout,1
jeepers,1
fiddy,1
kidnapper,1
harry,1
potter,1
commissioner,1
asses,1
happier,1
noble,1
sentiment,1
heapin,1
helpin,1
honeymoon,1
reality,1
floated,1
grabbed,1
figureheads,1
powerless,1
restraining,1
whaling,1
screwdriver,1
deaf,1
sharpening,1
feces,1
menopause,1
snooze,1
budgetos,1
bellyup,1
property,1
compartment,1
vehicle,1
kamper,1
freeway,1
lover,1
misery,1
boobsface,1
buttback,1
dexter,1
inferno,1
towering,1
fouryear,1
vicepresident,1
chiclets,1
highfives,1
chainsaw,1
juiced,1
dandy,1
builders,1
machines,1
vice,1
kotahay,1
wrapped,1
bigboned,1
spurt,1
backpackers,1
spangler,1
corporate,1
madeup,1
scammer,1
shills,1
zdog,1
raged,1
meanness,1
recovery,1
whitney,1
badboy,1
spikes,1
butch,1
fem,1
grad,1
com,1
websites,1
impaler,1
whatm,1
stupider,1
thirtythree,1
dictionaries,1
hubcaps,1
pairs,1
reeboks,1
pious,1
sebastian,1
arrows,1
diocletian,1
emperor,1
hail,1
preaching,1
romans,1
sentenced,1
catholics,1
eminem,1
quoted,1
saint,1
sean,1
blasphemy,1
rosary,1
anima,1
filio,1
patri,1
sancto,1
spiritui,1
nagging,1
forties,1
glommed,1
paintball,1
sacred,1
churchos,1
zeal,1
coloring,1
playstation,1
ambulance,1
waffles,1
carrier,1
cousins,1
manatees,1
chomp,1
feasted,1
boneyard,1
monitor,1
reports,1
drivein,1
spillover,1
process,1
lamerella,1
skanks,1
geniuses,1
suspicions,1
compensated,1
davurs,1
hammerstein,1
rodgers,1
foolproof,1
hairbrained,1
jagged,1
shatter,1
arguing,1
kajillion,1
cowa,1
bunga,1
tinkertoy,1
stem,1
abandoning,1
axle,1
mask,1
junkies,1
magnesiumvapor,1
increase,1
vitality,1
scenery,1
anyhow,1
revue,1
cirque,1
soleil,1
zumanity,1
kettle,1
housewares,1
shoplifted,1
sweatshirt,1
suckered,1
karaoke,1
tinklies,1
heeeres,1
wheelchairnocchio,1
cryptkeeper,1
dodge,1
scareavan,1
mayore,1
regioni,1
villaggi,1
christians,1
colosseum,1
fairbanks,1
coma,1
frank,1
skinman,1
tunnels,1
valve,1
tells,1
discipline,1
tinkle,1
dineanddash,1
stavros,1
rhythms,1
bombarded,1
bombardier,1
heeeere,1
rustedout,1
nailing,1
nails,1
concede,1
nextlowest,1
totem,1
adapted,1
formations,1
plants,1
firemen,1
screwup,1
microscopes,1
joust,1
nimrod,1
nimtodd,1
plumbing,1
reckon,1
oreo,1
highdef,1
tenure,1
punishing,1
cameraman,1
thermostat,1
convention,1
lakes,1
follows,1
contact,1
denounce,1
thirtyone,1
nicest,1
drenched,1
ballroom,1
newbie,1
whaled,1
toppings,1
farting,1
digit,1
rationalize,1
jumper,1
barfed,1
twostory,1
blockbuster,1
weaving,1
nba,1
cavemen,1
creationism,1
flee,1
mexico,1
señorita,1
hunchs,1
sokay,1
finelookin,1
mitchells,1
appointments,1
payment,1
received,1
trucktruck,1
dvds,1
malt,1
omelet,1
musician,1
jamming,1
marbles,1
marquez,1
trio,1
turner,1
juzz,1
juzzed,1
daddyho,1
mergatronic,1
cugat,1
xavier,1
reefer,1
seventyeight,1
surgery,1
dooby,1
scooby,1
sideways,1
apartments,1
smallest,1
critters,1
rescuing,1
societys,1
mayors,1
assemble,1
pooping,1
elaborate,1
carpentry,1
salty,1
snacks,1
wuss,1
drives,1
maggots,1
teaches,1
beeswax,1
acid,1
backstage,1
sprays,1
prop,1
errand,1
martians,1
outsmarting,1
employees,1
crosstrainer,1
shoeboy,1
relace,1
peta,1
humvees,1
vinci,1
scootin,1
vermont,1
wordloaf,1
ayup,1
pimped,1
pepsi,1
duds,1
onetime,1
bibliography,1
nile,1
vest,1
nobodies,1
grocery,1
kookadooka,1
whackjob,1
bypasses,1
inheritance,1
cinco,1
stinko,1
necks,1
aaagh,1
cod,1
shells,1
nicely,1
neon,1
chocolat,1
boiled,1
avenge,1
clambake,1
hannah,1
superhero,1
lakeland,1
maiden,1
scissor,1
crackle,1
snaps,1
watches,1
suuuucks,1
baja,1
entered,1
mile,1
heritage,1
errands,1
conjures,1
haverbrook,1
intrigue,1
umhm,1
thorough,1
bein,1
blowhole,1
int,1
lakeside,1
mansion,1
meunless,1
degroot,1
graduated,1
cleaver,1
entrée,1
delectable,1
kidshead,1
unmarked,1
harvest,1
sorrow,1
crowded,1
welllit,1
blots,1
fulla,1
ink,1
puppets,1
therapists,1
dkcdks,1
rated,1
county,1
merrygobooger,1
propaganda,1
success,1
dining,1
breakdown,1
psychotic,1
pinball,1
graphics,1
incorporated,1
drawbridge,1
begone,1
rising,1
references,1
restaged,1
longterm,1
stable,1
drederick,1
tatum,1
minions,1
crevices,1
lagrimmar,1
cheesed,1
johnnycakes,1
grail,1
mommed,1
idaho,1
defining,1
cottontail,1
dusted,1
inning,1
nonregulation,1
dominoes,1
hophead,1
suggestible,1
dogll,1
scaly,1
slimy,1
slime,1
chemicals,1
immunity,1
disrupt,1
events,1
schematic,1
adoody,1
ahmed,1
secure,1
ctu,1
hdw,1
pitching,1
stinkface,1
charts,1
scraping,1
rinse,1
freshness,1
etchasketch,1
barely,1
fester,1
reaction,1
brandname,1
groceries,1
campbells,1
pepsodent,1
casket,1
mahogany,1
poppop,1
blowdarts,1
conductors,1
poisoned,1
surf,1
whore,1
dumber,1
plateaued,1
butane,1
storage,1
bobblehead,1
halterman,1
insufficient,1
iraq,1
jim,1
linguo,1
phonic,1
dissect,1
weigh,1
chant,1
mindlessly,1
oral,1
phrase,1
prayer,1
pigbutt,1
trickortreat,1
separated,1
siamese,1
surgically,1
whove,1
container,1
brawl,1
fracas,1
fullbody,1
triggers,1
bartholomew,1
handonhand,1
crust,1
excitement,1
frontwards,1
krumping,1
sped,1
poll,1
tragic,1
cle,1
solvang,1
aquaman,1
bornagain,1
infamous,1
popout,1
mainstream,1
porkpie,1
mulk,1
thung,1
excomic,1
alan,1
moore,1
facts,1
hasbeen,1
plumped,1
tables,1
homicidal,1
foiled,1
wrecks,1
leads,1
trapdoor,1
underground,1
ahhhhh,1
constitution,1
ensure,1
freedoms,1
patriot,1
catalogue,1
redbook,1
item,1
blessed,1
unplanned,1
turbulent,1
nineties,1
kisses,1
stork,1
thumbnail,1
brady,1
era,1
marie,1
musicians,1
simpler,1
barrier,1
divide,1
cleats,1
harmed,1
habitrail,1
magnets,1
europe,1
scams,1
finest,1
tack,1
insides,1
albumen,1
donnys,1
knitting,1
woodshop,1
mentos,1
mix,1
moustache,1
handed,1
weaks,1
wastes,1
methinks,1
rue,1
chrysalises,1
emerging,1
enclosure,1
tending,1
raccoons,1
completion,1
autoreverse,1
jock,1
jerkys,1
kudrow,1
marinating,1
jerkatorium,1
retailers,1
value,1
cellar,1
chewed,1
gloucester,1
waffle,1
wrestler,1
gusto,1
lastima,1
bunk,1
heehaw,1
knees,1
oughter,1
depressing,1
robotclown,1
adds,1
yards,1
beanbag,1
clerks,1
hebrew,1
shouting,1
passionate,1
rehearsal,1
wikipedia,1
honk,1
loyalty,1
articulator,1
crops,1
hydraulic,1
subsidy,1
partners,1
reasonable,1
refused,1
scrappy,1
lulubelle,1
peeing,1
rhymes,1
fringe,1
prosciutto,1
anguished,1
macneille,1
tress,1
windsong,1
bondss,1
pumpedup,1
feedlot,1
dqat,1
regret,1
cud,1
exposed,1
imagined,1
condo,1
sheets,1
cuteness,1
grandma,1
grammas,1
jackolantern,1
belmont,1
blintz,1
bundle,1
norway,1
smarty,1
wipes,1
posture,1
doublestruck,1
inverted,1
ali,1
merchandise,1
muhammad,1
primo,1
restless,1
syndrome,1
slots,1
specific,1
confederate,1
halfdime,1
sixtythree,1
slot,1
brief,1
december,1
glimpse,1
minted,1
mistakenly,1
philadelphia,1
rioting,1
womans,1
pepperoni,1
shelf,1
patricks,1
ira,1
kinds,1
dumbass,1
poops,1
minimum,1
tunisia,1
derek,1
jerseys,1
jeter,1
yankees,1
learys,1
aloha,1
maya,1
normousbutt,1
bartish,1
empire,1
seatbelt,1
constructive,1
doubleglazed,1
financing,1
text,1
viagra,1
grilled,1
twizzlers,1
cannonball,1
clumps,1
stored,1
dorky,1
arena,1
bonnie,1
raitt,1
attached,1
culkin,1
fleetwood,1
mac,1
maccauley,1
mcdreamy,1
mcsteamy,1
palace,1
saddams,1
volcano,1
bedthat,1
racecar,1
races,1
gabby,1
upperlower,1
rappers,1
licorice,1
youngest,1
devon,1
quenly,1
experienced,1
log,1
suuck,1
shortcut,1
sunshine,1
prime,1
batch,1
chef,1
stirring,1
coco,1
loco,1
francisco,1
mover,1
hustled,1
calendars,1
invested,1
mycube,1
dane,1
society,1
aroma,1
cooked,1
lambs,1
petting,1
strangers,1
groundscreeper,1
whiner,1
chowders,1
gumbos,1
christian,1
dolph,1
jewish,1
alaikum,1
salaam,1
bin,1
laden,1
factor,1
appeal,1
mold,1
mms,1
charleston,1
computerized,1
castle,1
makebelieve,1
unfortunately,1
rejected,1
virgin,1
blur,1
snorkeling,1
barbeque,1
korean,1
copter,1
helicopter,1
triumphs,1
hairs,1
reverting,1
outing,1
bringin,1
hoseplay,1
parties,1
joyful,1
baptize,1
belgium,1
stayin,1
kissmyass,1
exhausted,1
bongos,1
soothe,1
phillips,1
unscrew,1
anxious,1
exlax,1
gag,1
zoned,1
effortless,1
mentallychallenged,1
rowboat,1
rowboats,1
duckling,1
tantrums,1
cob,1
darling,1
decorn,1
sooo,1
prevent,1
jefferson,1
bake,1
nosebleeds,1
bane,1
dminus,1
spitwads,1
roses,1
slippery,1
zamboni,1
performers,1
lalalalalalalalala,1
balsa,1
hovering,1
simply,1
wilde,1
cred,1
establishing,1
partys,1
schmoozer,1
pasa,1
nebraska,1
alaskas,1
respects,1
avery,1
mann,1
typical,1
creative,1
troubled,1
pumping,1
thyroid,1
creamer,1
hazelnut,1
sins,1
friended,1
liveblogged,1
skyped,1
lmanddog,1
foursquare,1
worries,1
fancyschmancy,1
prep,1
ednas,1
aisleways,1
bookstores,1
wanting,1
fate,1
index,1
actions,1
wishable,1
selfhelp,1
kernel,1
thinkingif,1
discussion,1
decided,1
stale,1
punk,1
cherries,1
cutesy,1
ribbon,1
septagon,1
whopper,1
hoovers,1
snuggle,1
dingdong,1
ditch,1
pulverize,1
bagel,1
kilt,1
wearin,1
dinna,1
munchers,1
yummy,1
muncher,1
chosen,1
dragging,1
eyebrows,1
janeys,1
dawn,1
rolled,1
pentagram,1
anorexic,1
disappointments,1
leading,1
marriages,1
pottery,1
savor,1
reporter,1
closings,1
obama,1
kitty,1
badass,1
loner,1
anglais,1
crème,1
passion,1
soufflé,1
younger,1
momll,1
qusay,1
uday,1
freckles,1
reallife,1
rafters,1
orphanage,1
beatle,1
adopted,1
poking,1
tudes,1
gore,1
diversity,1
basements,1
lungs,1
saws,1
hong,1
ripoff,1
fakeout,1
eskimos,1
penguins,1
liners,1
strings,1
bro,1
arrive,1
torment,1
hindus,1
slimu,1
larrrrry,1
rainbow,1
violet,1
rainbows,1
dreck,1
princessy,1
fiftyeight,1
mostpromising,1
houtenwill,1
torah,1
holly,1
eartha,1
kitt,1
recorded,1
knockknock,1
legitimately,1
splashing,1
toast,1
panini,1
homeroom,1
ancestor,1
sprain,1
curling,1
leadership,1
seminar,1
conference,1
milhoose,1
snowboarding,1
firstever,1
sochi,1
twentyfourteen,1
alcoholism,1
fatov,1
sloth,1
unharmed,1
mykeeyah,1
aboveground,1
normalroad,1
nooooooo,1
sixthgraders,1
fever,1
fractions,1
slipping,1
relaxes,1
tricking,1
seismic,1
boundaries,1
meanest,1
tuning,1
caterpillar,1
chomping,1
barfing,1
sharpie,1
annnnd,1
boards,1
augggh,1
youuuuuu,1
krav,1
mawha,1
brad,1
pitt,1
ignoring,1
chocolates,1
ark,1
covenant,1
groin,1
inflight,1
rotten,1
despite,1
communication,1
organ,1
thrilled,1
transplants,1
strawberryfrosted,1
tart,1
poo,1
conclusions,1
eightlegged,1
dylans,1
dinks,1
dweebin,1
pullup,1
unbelievable,1
crave,1
scuba,1
responsibly,1
nailed,1
blonde,1
experimenting,1
chaos,1
corners,1
trianglethe,1
andersonville,1
greybacks,1
treated,1
introduce,1
disclosure,1
nuisance,1
gilbert,1
operetta,1
peepbo,1
calendar,1
cuddly,1
harmless,1
manners,1
cascades,1
turnoff,1
recovers,1
whichll,1
explaining,1
apparently,1
switched,1
combined,1
schoolwork,1
owned,1
akershus,1
historic,1
oslo,1
woodstave,1
contribution,1
cultural,1
carriage,1
confesses,1
freakout,1
nip,1
selfmutilation,1
shield,1
trips,1
vomits,1
freed,1
mandela,1
vig,1
escalator,1
dummyball,1
reps,1
coaching,1
littles,1
tootsie,1
ballparks,1
enron,1
misty,1
pac,1
sbc,1
streak,1
statistical,1
bleachers,1
amusement,1
hurtin,1
lames,1
taffyland,1
consternation,1
funopoly,1
yahtzu,1
demon,1
thimble,1
childish,1
hangman,1
whistlin,1
coincidences,1
wardrobe,1
andand,1
anthill,1
wasp,1
celery,1
pointless,1
combination,1
healed,1
coop,1
flimsy,1
pecking,1
detroit,1
chilly,1
questionable,1
racetracks,1
caption,1
birdeating,1
immediately,1
noghog,1
rosycheeked,1
zillion,1
goblin,1
wrapping,1
bing,1
elfin,1
kringle,1
naughtys,1
blätter,1
deine,1
sind,1
treu,1
wie,1
fightfight,1
iceball,1
selmas,1
currencies,1
dried,1
jailyard,1
shanks,1
shivs,1
backdoor,1
brazilian,1
michaels,1
moist,1
nad,1
noogies,1
ravaged,1
cowabungaaa,1
remotes,1
origin,1
legendary,1
mintcondition,1
decides,1
stops,1
devastating,1
explosion,1
mug,1
tokens,1
melody,1
fenders,1
overalls,1
snowmobile,1
minimize,1
trucks,1
concludingly,1
offering,1
allegiance,1
betray,1
visiting,1
pops,1
vanity,1
manila,1
masters,1
border,1
freshen,1
saturdays,1
semiautobiographical,1
millwood,1
spongebobs,1
announcement,1
speakerphone,1
countless,1
hardship,1
fallon,1
category,1
fastpaced,1
earing,1
etainer,1
nomination,1
filler,1
oscars,1
sights,1
worldclass,1
animators,1
auto,1
cerritos,1
movieexcept,1
academy,1
postcards,1
prospectors,1
wakes,1
antique,1
augustus,1
gloop,1
businessboy,1
eyeglasses,1
ironically,1
beavis,1
butthead,1
baumgartner,1
doings,1
mischievous,1
players,1
puckish,1
righted,1
stoner,1
hulucom,1
bossy,1
moderate,1
teleconference,1
simpsini,1
cerf,1
random,1
lotto,1
roles,1
parodies,1
diagonal,1
dosedo,1
skeptical,1
daydream,1
verses,1
phase,1
magician,1
falls,1
runts,1
bid,1
hunting,1
zeros,1
desperation,1
musher,1
hopes,1
pasta,1
topping,1
fingernails,1
curly,1
roadblock,1
drawers,1
mysteries,1
taffys,1
vacations,1
ick,1
mischief,1
anarchy,1
classroom,1
bridge,1
summertime,1
wii,1
xbox,1
threesixty,1
airship,1
cancels,1
unpunished,1
possum,1
workshop,1
threestory,1
moustaches,1
tales,1
cinderellas,1
mop,1
sew,1
stepmom,1
selfdefense,1
wayne,1
bidone,1
masterpiece,1
allo,1
luvs,1
expense,1
hardyhar,1
knickertwist,1
resumes,1
stacks,1
ferrell,1
saloonkeeper,1
spaniards,1
busting,1
rot,1
outdoors,1
atheism,1
unteachable,1
afterwards,1
quoting,1
twentysixth,1
protected,1
wildlife,1
cuba,1
juan,1
theodore,1
thirtytwo,1
desktop,1
lates,1
modelcoffee,1
immature,1
teachwads,1
dismounting,1
informative,1
scab,1
fisteroid,1
fairs,1
morningafter,1
preventative,1
testie,1
sweeten,1
robopet,1
motion,1
funding,1
humiliator,1
reprogram,1
vip,1
entrails,1
intestinox,1
colon,1
rectum,1
funtendo,1
unveiling,1
conventions,1
gangs,1
ethiopia,1
pancake,1
slop,1
goorsha,1
drunkie,1
foodie,1
blog,1
exclusive,1
fivethirty,1
invitation,1
mouthketeer,1
lab,1
madscientist,1
meth,1
asteroids,1
medium,1
fossil,1
chapterbook,1
peach,1
gangwrite,1
tweenlit,1
zephyr,1
kidman,1
searched,1
tweens,1
bouvier,1
hippogriff,1
meals,1
shakespeare,1
cased,1
tween,1
genre,1
british,1
gaiman,1
printing,1
manuscript,1
frosty,1
wannabe,1
writer,1
golden,1
aidens,1
jacksons,1
xanders,1
heists,1
queer,1
swap,1
central,1
file,1
upload,1
application,1
gennioos,1
pateh,1
pati,1
patie,1
maker,1
loneliness,1
presence,1
remained,1
amy,1
hugged,1
sheriff,1
flanagan,1
closing,1
palin,1
quitter,1
wishing,1
reviews,1
kurt,1
vonnegut,1
dental,1
floss,1
nutso,1
youtube,1
shrek,1
awesomer,1
inject,1
lethal,1
withdrawn,1
conundrum,1
hint,1
unfriended,1
ammo,1
corpses,1
loots,1
shrapnel,1
sadder,1
crawlin,1
closest,1
squabble,1
whatve,1
dominate,1
multi,1
platforms,1
tackle,1
eldersif,1
insideout,1
insidein,1
eleanor,1
werewillie,1
disappointed,1
bunkerball,1
sane,1
drain,1
henrietta,1
hippo,1
inchworm,1
helmet,1
fuel,1
assange,1
howre,1
barstool,1
lenford,1
lenny,1
locals,1
suffocates,1
ewectwicity,1
freerange,1
lumpy,1
mattress,1
shavings,1
dweeb,1
stencil,1
unemployment,1
furs,1
talkiest,1
mainly,1
hears,1
collars,1
helllp,1
rhinoceros,1
artist,1
nighttime,1
therere,1
tipped,1
karma,1
physical,1
hosting,1
preteen,1
dreamcatchers,1
litter,1
hollow,1
nametag,1
mimimimimi,1
beanie,1
wedgied,1
wool,1
entrance,1
navy,1
cruises,1
specialists,1
access,1
lifeboat,1
porthole,1
released,1
futures,1
appetite,1
daaaaaad,1
mooooom,1
accepted,1
uphold,1
woke,1
generations,1
fitness,1
sugarfree,1
bobsled,1
lasertag,1
waterslide,1
cruiseitll,1
juicebox,1
lunchbag,1
moping,1
downhill,1
chillingly,1
journal,1
morgenstern,1
makeyourownsundae,1
woohoo,1
loveydovey,1
sucky,1
geekin,1
overboard,1
worthless,1
uhhhhh,1
williams,1
coupons,1
audition,1
mashups,1
remarried,1
girlfriends,1
dolphin,1
beheading,1
glee,1
dubya,1
fleshinthepan,1
graders,1
joint,1
notebook,1
tapping,1
girdle,1
yertel,1
illustrated,1
babes,1
docked,1
porto,1
lasted,1
planetarium,1
relationships,1
dadgummit,1
leastfavorite,1
obliterated,1
shea,1
stadium,1
duchess,1
abrewin,1
trains,1
twang,1
pimpin,1
rokers,1
marys,1
submission,1
submitting,1
dealin,1
seventyfour,1
preachy,1
unwanted,1
exist,1
artie,1
ziff,1
dwellers,1
transferable,1
regents,1
mildly,1
antipsychotic,1
blinds,1
carpet,1
fade,1
lowering,1
thursdays,1
mousetraps,1
slippers,1
gentleman,1
luther,1
flop,1
sixtytwo,1
tips,1
waitresses,1
seabiscuit,1
avatar,1
restaurants,1
yelp,1
bunny,1
buugs,1
jewelry,1
minifridge,1
disney,1
minority,1
summons,1
blender,1
noodles,1
splashed,1
temporary,1
denim,1
badmouths,1
boying,1
poser,1
helllper,1
cried,1
cabinet,1
gaps,1
zone,1
nerf,1
deacon,1
razorsharp,1
shaves,1
refrigerator,1
matured,1
begging,1
grant,1
washingtons,1
sharpen,1
osmosis,1
slept,1
chips,1
vanilla,1
lack,1
goofing,1
cab,1
common,1
doh,1
doges,1
touches,1
coronary,1
crushes,1
politeness,1
yous,1
arrrs,1
borders,1
corner,1
balder,1
wider,1
heroes,1
listings,1
spends,1
melvis,1
pats,1
attentive,1
seesaw,1
handling,1
epoxy,1
sandpaper,1
alphabet,1
kirks,1
kirk,1
superpowers,1
contraire,1
starfish,1
misguided,1
settlement,1
baldy,1
shapes,1
stomachs,1
mines,1
mirrors,1
accepting,1
member,1
oldtime,1
meatballs,1
swedes,1
straightup,1
godfrey,1
prettiest,1
riled,1
folding,1
gouge,1
preening,1
posted,1
conclu,1
preferably,1
allwrong,1
gloria,1
carrots,1
mini,1
drunks,1
oogle,1
halfpipe,1
tar,1
tubs,1
plagues,1
bailing,1
bedbug,1
hoopers,1
erase,1
ron,1
clueless,1
slipoff,1
deteriorated,1
hypertension,1
pulsepounding,1
biscuits,1
buttermilk,1
teething,1
willll,1
flicking,1
saloon,1
grateful,1
eleven,1
werewolf,1
kiya,1
actual,1
lamp,1
commie,1
isosceles,1
remaining,1
roots,1
sides,1
sum,1
scarecrow,1
wizard,1
underoos,1
expandables,1
incapable,1
agents,1
codgers,1
housesizzles,1
behatted,1
mammal,1
amigo,1
bumble,1
gumbamel,1
krustiferous,1
tumble,1
airbus,1
kite,1
scarf,1
patched,1
sewing,1
shoulder,1
dimes,1
ogreedy,1
attentionseeking,1
visuals,1
safely,1
restage,1
infallible,1
popes,1
tweets,1
quilt,1
slicing,1
stubble,1
bombarding,1
singletary,1
shuffle,1
weinstein,1
election,1
pans,1
isabel,1
reel,1
programs,1
whifflebats,1
gutierrez,1
ace,1
fountains,1
periscope,1
submerge,1
dishwasherwherever,1
cushions,1
temptation,1
firm,1
troublemakers,1
marks,1
pranking,1
stabbed,1
juarez,1
stickin,1
daycare,1
quarantine,1
directions,1
donate,1
rerises,1
chins,1
download,1
illegally,1
theater,1
pirated,1
jaden,1
companies,1
tuesday,1
kimmel,1
term,1
sumadi,1
montessori,1
creance,1
predatory,1
turtles,1
transferring,1
thermals,1
cheerup,1
flock,1
pretends,1
minds,1
delicate,1
falcon,1
yak,1
accuses,1
complains,1
gab,1
tamed,1
untranslatable,1
whitman,1
floating,1
petal,1
rose,1
jigs,1
spear,1
enhance,1
genetically,1
temper,1
communicate,1
handmedown,1
buys,1
gorillas,1
habitat,1
pokeys,1
tongs,1
ceej,1
everest,1
slack,1
gamblers,1
goldfrosted,1
portuguese,1
bribes,1
examining,1
whether,1
swapped,1
tardy,1
sniffin,1
respectable,1
outlaws,1
standeeand,1
playstadium,1
previous,1
freebie,1
apps,1
avoider,1
instagrandma,1
nosebook,1
arrangement,1
honorable,1
stressed,1
uncut,1
jailbird,1
thered,1
greed,1
dogooder,1
sends,1
therapist,1
grasshopper,1
encouraging,1
shauna,1
direct,1
trunchs,1
beak,1
seagull,1
chum,1
purple,1
aching,1
tum,1
bore,1
details,1
drivers,1
crawls,1
pub,1
fathering,1
mediocre,1
deadshot,1
limo,1
cultures,1
decline,1
saddest,1
texted,1
fishy,1
smoothies,1
veggie,1
headquarters,1
manning,1
tempted,1
maggs,1
pots,1
multiplication,1
chickened,1
crocodile,1
callin,1
throughout,1
undid,1
kiddo,1
popcorn,1
sleepovers,1
scroll,1
bingewatch,1
groundbreaking,1
equally,1
rudenstein,1
managed,1
testicle,1
sponsored,1
outsit,1
caves,1
bowline,1
clove,1
hitches,1
sailor,1
yiyoyu,1
ranking,1
ships,1
shore,1
harbor,1
lighthouse,1
jib,1
garment,1
fluorescent,1
gravel,1
currency,1
policy,1
refill,1
aches,1
guests,1
damnation,1
rune,1
translation,1
penal,1
penile,1
aquarium,1
piranhas,1
pumps,1
windmill,1
thatthats,1
sayonara,1
poppa,1
offended,1
antenna,1
bender,1
jokes,1
capsule,1
itits,1
february,1
twentythird,1
kneeling,1
delay,1
haircut,1
union,1
chink,1
dragon,1
hobbit,1
conditions,1
lassens,1
scarred,1
retardant,1
blaze,1
chalet,1
pushover,1
lettuce,1
spiders,1
nineten,1
rebroadcast,1
glove,1
caribbean,1
sophies,1
farewell,1
fattest,1
mucus,1
breasts,1
golly,1
svengolly,1
culottes,1
homerdo,1
hypnotist,1
recommended,1
autodrive,1
disable,1
musk,1
rulez,1
saber,1
tire,1
smellya,1
weenie,1
songwriter,1
andy,1
lana,1
wachowski,1
fist,1
thinkhole,1
stead,1
bumming,1
gangsta,1
suckin,1
saluki,1
trusted,1
hostess,1
takedown,1
hikes,1
batmobile,1
joker,1
laid,1
neato,1
twentyone,1
lap,1
saves,1
smurfs,1
bags,1
scrawny,1
suspense,1
attila,1
hun,1
balding,1
seventhirty,1
yaaaaahhh,1
creativity,1
stifling,1
dimwit,1
scenic,1
ties,1
osos,1
soso,1
righty,1
lees,1
cuspidor,1
toreador,1
tick,1
require,1
chemistry,1
wuhoh,1
yaaaaaaaaaaaah,1
unlock,1
tattoos,1
pukes,1
graveyard,1
locomotive,1
roarin,1
steeldrivin,1
incompetent,1
puttin,1
initials,1
unemployed,1
advantage,1
scratch,1
ooops,1
gasket,1
belching,1
diagnosis,1
kisser,1
polisher,1
crumb,1
measly,1
sniveling,1
toad,1
backscratcher,1
licker,1
generous,1
violate,1
handshake,1
inevitable,1
chunkified,1
tormenting,1
arithmetic,1
woulda,1
bounces,1
nerves,1
chang,1
martinez,1
ohara,1
olajuwon,1
steinberg,1
indicates,1
shakes,1
stations,1
artillerycommence,1
bombing,1
saturation,1
contrary,1
exceptions,1
gory,1
trilogy,1
winners,1
colder,1
rumpus,1
scarfed,1
battling,1
lavender,1
losses,1
undisputed,1
hiss,1
chump,1
scrubbing,1
okeydokey,1
announce,1
occasion,1
retirement,1
undefeated,1
mower,1
skunks,1
slaughter,1
ddad,1
gggood,1
thattaway,1
grizzles,1
grizzly,1
amputated,1
gangrene,1
among,1
apes,1
perish,1
introduction,1
sneaking,1
deluding,1
squishees,1
founded,1
logs,1
settlers,1
goood,1
overactive,1
jedediah,1
obediah,1
zachariah,1
await,1
brink,1
salvation,1
stands,1
paree,1
macaroni,1
beaters,1
eater,1
hephep,1
ungue,1
wifes,1
gallons,1
compliments,1
hoagie,1
bandits,1
windup,1
baloney,1
femail,1
spyin,1
escaped,1
platter,1
applaud,1
needle,1
dagger,1
thigh,1
manure,1
oooo,1
froggie,1
fella,1
clumsy,1
spanky,1
classics,1
whisper,1
chateau,1
mason,1
grabby,1
turnip,1
antifreeze,1
hel,1
francois,1
incroyable,1
maintenant,1
mais,1
mois,1
mot,1
parle,1
sais,1
aidezmoi,1
ces,1
chapeau,1
chez,1
dantigel,1
donne,1
donnent,1
dormir,1
jhabite,1
jour,1
lane,1
manger,1
mettent,1
monsieur,1
nuit,1
qui,1
rouge,1
sont,1
sur,1
terre,1
travailler,1
types,1
vin,1
aurez,1
coeur,1
sauveteur,1
toujours,1
une,1
vous,1
buffoon,1
teachings,1
drab,1
mentality,1
koholic,1
backstabber,1
smarter,1
zillionth,1
thief,1
videotape,1
review,1
cannon,1
rob,1
floppy,1
goodhearted,1
fills,1
jets,1
loaf,1
predinner,1
klozoff,1
grump,1
ayeaye,1
mambo,1
fourteen,1
merely,1
suggested,1
kooks,1
brutal,1
cinema,1
slowmotion,1
verite,1
bandit,1
botz,1
botzucowski,1
dazzled,1
mentioned,1
louis,1
mcgraw,1
robert,1
stevenson,1
bluebeard,1
deadly,1
mothballs,1
destination,1
fifteenth,1
plymouth,1
puritan,1
separatists,1
september,1
sixteentwenty,1
egghead,1
historys,1
pains,1
stabbing,1
cappuccino,1
mouths,1
conviction,1
sincerity,1
tests,1
bugging,1
hocking,1
peptic,1
ulcer,1
passing,1
advance,1
thanking,1
owabunga,1
earlobes,1
missinanything,1
trudging,1
necessity,1
surrendered,1
defeat,1
daddyo,1
realsville,1
scarifying,1
hbo,1
severed,1
macabre,1
tale,1
pong,1
schoolbook,1
poem,1
tame,1
eyed,1
leaguers,1
bailor,1
brokendown,1
kort,1
kozy,1
motel,1
jumbovision,1
itcher,1
pitcher,1
lays,1
bosom,1
sixstroke,1
fortyone,1
enters,1
putter,1
charlene,1
eeeeeeeer,1
woooooooo,1
geometry,1
tentacle,1
tombstone,1
attained,1
bliss,1
extinction,1
tense,1
opener,1
cranberry,1
daaahhh,1
daah,1
stuffing,1
clearing,1
starve,1
swanky,1
tracks,1
boot,1
alisten,1
kidi,1
frisbees,1
wiffle,1
fades,1
sellout,1
bullseye,1
careers,1
titans,1
awaits,1
homersaurous,1
daredevil,1
lectures,1
stitches,1
runnin,1
worthy,1
leap,1
plunge,1
thrill,1
forbid,1
grabbing,1
headin,1
oop,1
catfish,1
fishing,1
racers,1
grandpa,1
yessir,1
pits,1
writhing,1
constant,1
realizing,1
struck,1
wholesome,1
sushi,1
eel,1
sharks,1
drags,1
lifts,1
lovin,1
jailhouse,1
positively,1
spellbinding,1
edge,1
albright,1
ehhhh,1
fiftycents,1
theatre,1
franklin,1
pulls,1
reconsider,1
tractor,1
herbicide,1
sexual,1
cordials,1
adios,1
blessing,1
correct,1
hellraiser,1
herbbbb,1
mumps,1
pox,1
assassins,1
highness,1
wrinkled,1
winthrop,1
becomes,1
finals,1
studies,1
moldy,1
sniff,1
stayyy,1
bottoms,1
trunk,1
barnyard,1
oddities,1
corncob,1
paralyzer,1
teargas,1
flippin,1
waterworks,1
movin,1
weights,1
moptop,1
schnozz,1
mahvelous,1
gray,1
waaaaaaaah,1
drifting,1
